-154,-242,-476
-155,-250,-458
295,54,-472
297,75,-473
297,53,-472
299,74,-472
299,51,-471
301,78,-470
302,52,-469
301,52,-449
301,54,-468
302,68,-469
304,55,-468
304,53,-468
305,82,-450
306,80,-447
306,82,-447
305,63,-462
306,81,-467
308,53,-468
311,81,-459
307,53,-466
308,54,-467
308,79,-448
309,79,-448
309,78,-448
307,78,-447
308,78,-448
307,81,-447
308,78,-449
307,79,-448
307,77,-448
306,79,-464
305,78,-464
305,78,-469
305,77,-449
304,51,-452
303,49,-449
305,77,-449
302,49,-454
305,77,-449
304,60,-450
305,76,-448
305,76,-450
303,50,-469
304,77,-449
304,49,-470
305,77,-449
307,67,-450
305,75,-450
304,51,-468
306,62,-469
306,76,-448
305,75,-448
306,52,-448
306,48,-468
307,75,-468
308,74,-464
308,74,-447
309,74,-448
308,48,-468
311,74,-469
309,50,-447
309,48,-467
308,49,-467
310,75,-449
307,50,-467
310,71,-447
309,75,-459
309,62,-469
309,75,-460
306,73,-449
305,73,-456
307,56,-448
305,47,-468
307,72,-450
306,72,-464
307,71,-471
306,70,-469
305,70,-463
305,68,-469
306,55,-469
305,48,-448
305,44,-469
306,71,-449
305,55,-470
305,72,-462
303,54,-450
305,70,-449
305,41,-451
303,56,-471
302,63,-472
303,41,-470
303,61,-452
300,39,-452
301,67,-453
301,66,-465
301,67,-450
302,60,-472
300,37,-472
305,60,-451
307,56,-452
310,54,-451
314,46,-450
320,13,-469
324,16,-447
329,28,-446
334,20,-446
336,-15,-464
341,-2,-456
342,-40,-462
346,-30,-461
347,-36,-440
350,-51,-449
350,-59,-440
350,-77,-441
349,-86,-439
350,-103,-449
349,-118,-455
349,-137,-448
346,-179,-452
345,-171,-443
345,-187,-439
341,-228,-444
341,-217,-420
336,-258,-419
334,-247,-415
330,-263,-411
324,-303,-409
317,-295,-403
311,-335,-400
305,-325,-396
299,-339,-412
292,-353,-388
283,-393,-403
277,-387,-397
271,-391,-382
268,-403,-366
265,-414,-343
259,-451,-351
257,-439,-365
256,-472,-353
253,-468,-348
252,-492,-328
249,-490,-336
244,-478,-313
239,-482,-308
233,-519,-303
233,-497,-312
231,-507,-287
232,-512,-287
235,-517,-273
238,-548,-284
246,-552,-262
254,-527,-251
262,-554,-267
269,-526,-259
277,-525,-254
283,-540,-239
288,-521,-240
291,-518,-241
294,-516,-243
296,-536,-249
296,-509,-251
295,-532,-275
294,-502,-262
294,-496,-267
295,-493,-271
298,-512,-295
303,-506,-302
308,-444,-288
318,-457,-296
325,-469,-322
336,-427,-333
343,-413,-341
349,-403,-329
355,-401,-358
362,-377,-370
368,-335,-362
369,-291,-371
371,-304,-401
372,-246,-396
369,-220,-405
366,-210,-415
360,-177,-423
353,-160,-431
345,-140,-436
330,-145,-465
314,-121,-470
298,-101,-463
282,-66,-471
266,-36,-475
250,-16,-493
234,1,-484
221,17,-485
205,33,-487
192,28,-489
181,61,-491
169,74,-504
158,80,-512
149,96,-489
144,106,-490
137,112,-488
130,119,-488
124,124,-497
119,101,-488
114,131,-506
110,130,-487
107,103,-508
103,100,-509
101,126,-490
97,96,-498
94,95,-490
93,113,-494
91,108,-494
94,100,-501
97,90,-496
106,100,-500
119,62,-500
139,45,-500
159,5,-498
189,15,-494
224,-3,-487
261,-25,-476
300,-41,-467
337,-85,-446
376,-80,-424
417,-130,-416
458,-122,-367
486,-139,-347
516,-181,-306
545,-166,-274
573,-175,-232
591,-181,-204
604,-206,-199
620,-201,-169
632,-165,-127
642,-154,-104
648,-139,-91
653,-127,-81
659,-117,-70
663,-101,-67
665,-89,-54
666,-103,-48
668,-95,-38
671,-61,-31
671,-55,-23
673,-51,-21
675,-48,-8
677,-54,-20
676,-62,-10
678,-28,9
676,-50,23
680,-17,43
680,-29,58
679,-37,72
679,-10,71
678,-3,110
675,-10,131
673,-2,139
670,-4,175
663,-7,195
656,-21,200
649,-11,235
639,-38,251
625,-10,303
614,-8,327
600,-8,348
587,-5,365
574,-4,389
560,-4,408
543,-1,421
527,-27,442
518,2,454
504,4,467
490,-18,462
469,17,499
451,29,512
438,32,522
427,36,519
413,14,518
404,46,543
392,37,531
378,56,578
367,64,552
357,41,550
345,53,555
333,93,579
320,82,562
311,100,561
302,154,569
293,151,578
282,185,551
274,253,563
259,273,528
237,338,529
209,389,501
176,436,471
-14,550,346
-65,539,306
-96,567,314
-126,564,303
-142,562,303
-143,561,298
-126,539,286
-95,545,305
-41,555,300
25,585,290
93,577,273
179,576,251
265,554,221
343,516,193
415,478,168
503,409,130
567,301,92
618,236,70
648,127,28
672,53,12
677,-93,1
661,-186,-12
631,-276,-26
583,-363,-36
529,-464,-60
462,-504,-43
400,-551,-38
335,-590,-44
276,-617,-14
243,-637,-5
228,-634,1
227,-634,-2
240,-628,-11
269,-643,-28
313,-595,-44
360,-569,-60
415,-527,-74
474,-484,-84
530,-438,-105
594,-317,-73
643,-195,-45
669,-137,-9
680,-24,36
669,54,64
647,162,123
579,267,160
515,347,206
436,421,221
354,492,232
271,521,233
202,572,234
138,591,229
81,598,250
21,593,272
-18,583,300
-48,566,321
-66,550,360
-72,502,369
-58,475,437
-34,463,467
-8,441,498
31,406,526
63,377,545
104,337,564
147,270,559
190,228,566
253,199,588
333,116,574
380,62,556
426,-13,531
467,-87,478
508,-137,449
528,-224,387
540,-264,354
538,-346,294
534,-355,273
520,-398,241
496,-451,222
476,-473,201
455,-500,179
439,-517,160
428,-534,135
420,-541,112
421,-545,89
426,-541,58
434,-555,12
452,-542,-25
471,-521,-42
499,-456,-68
531,-410,-99
558,-380,-144
588,-283,-167
612,-202,-160
627,-115,-159
636,-29,-148
634,67,-129
621,139,-112
593,258,-51
556,338,-3
485,401,41
416,488,119
345,521,155
236,569,222
183,575,245
110,544,290
55,523,360
16,524,407
-4,495,443
-15,465,461
-21,416,520
-11,343,569
0,271,585
24,203,601
60,124,642
96,36,652
143,-30,626
174,-87,647
219,-168,610
265,-249,569
295,-317,527
329,-378,469
346,-435,409
350,-517,322
332,-553,256
301,-619,197
227,-659,101
176,-674,93
115,-658,71
54,-662,67
-3,-687,59
-24,-659,72
-34,-656,98
-36,-666,103
-32,-683,81
-20,-667,94
-2,-687,55
19,-663,43
35,-688,-21
57,-648,-74
65,-658,-151
70,-625,-223
70,-593,-256
68,-530,-349
58,-438,-388
49,-363,-435
37,-277,-480
30,-196,-496
23,-110,-511
17,-32,-513
14,59,-519
8,123,-494
5,204,-470
4,265,-444
3,310,-437
5,362,-389
7,401,-358
7,419,-341
9,447,-308
7,486,-262
4,557,-138
14,576,-84
35,612,-45
62,587,-20
86,615,11
114,611,16
148,606,1
192,566,-10
250,547,-19
321,537,-33
379,498,-18
435,432,-43
534,332,-39
587,256,-33
641,159,3
660,106,14
670,69,4
677,32,34
681,0,43
681,-19,24
682,-21,37
680,-27,50
681,-30,47
680,-29,44
681,-43,39
681,-28,16
680,-26,23
678,-56,0
677,-59,-19
677,-65,-31
675,-47,-25
671,-73,-45
664,-101,-67
656,-162,-73
644,-186,-84
626,-233,-93
602,-316,-110
572,-349,-127
532,-404,-109
496,-452,-110
462,-492,-128
418,-544,-108
387,-565,-125
363,-555,-106
343,-591,-111
331,-571,-110
320,-575,-129
308,-576,-123
303,-600,-155
301,-569,-151
302,-565,-166
310,-546,-202
325,-548,-233
351,-464,-242
381,-438,-273
409,-386,-314
435,-325,-315
457,-252,-335
469,-211,-355
474,-119,-356
477,-74,-357
478,-16,-356
480,16,-371
483,43,-345
486,50,-341
490,23,-358
494,45,-335
497,-6,-338
500,-5,-337
501,-42,-339
494,-101,-361
489,-123,-365
478,-129,-349
474,-185,-347
474,-179,-343
478,-209,-340
486,-176,-340
493,-189,-333
500,-134,-330
501,-137,-353
502,-84,-336
498,-51,-344
490,-48,-366
480,9,-353
470,28,-358
461,37,-385
448,24,-392
434,43,-403
429,47,-387
422,14,-415
410,13,-401
404,-12,-408
399,-11,-431
395,-16,-417
388,-33,-422
388,-72,-442
385,-51,-422
383,-54,-442
381,-46,-440
381,-46,-426
378,-1,-444
379,49,-433
376,120,-397
374,212,-381
366,254,-356
359,353,-307
346,381,-277
333,410,-248
327,400,-255
331,416,-243
351,387,-260
373,351,-292
406,293,-299
442,216,-319
466,128,-327
494,70,-329
513,-29,-323
526,-74,-312
533,-165,-294
534,-227,-298
532,-243,-260
532,-283,-253
535,-280,-272
540,-257,-277
552,-189,-261
562,-137,-286
568,-70,-284
568,12,-262
564,47,-257
561,70,-259
555,80,-261
549,49,-278
544,36,-299
538,43,-293
530,7,-304
518,-25,-337
501,-44,-356
482,-60,-374
439,-52,-390
408,-81,-431
388,-54,-430
364,-81,-439
335,-83,-454
303,-57,-463
269,-62,-482
235,-85,-506
192,-78,-518
142,-77,-505
99,-103,-529
55,-88,-512
-17,-123,-518
-41,-124,-527
-87,-124,-513
-102,-106,-497
-115,-129,-515
-126,-106,-493
-128,-103,-514
-123,-99,-494
-106,-93,-500
-87,-95,-505
-47,-104,-527
-23,-99,-510
26,-122,-511
68,-143,-513
109,-128,-505
149,-162,-518
194,-145,-489
233,-178,-498
263,-156,-468
310,-165,-468
349,-172,-430
376,-161,-415
397,-161,-404
418,-162,-411
429,-157,-401
438,-177,-378
441,-148,-378
441,-142,-382
435,-163,-404
425,-129,-392
412,-123,-402
397,-121,-432
363,-130,-452
346,-105,-442
329,-99,-450
322,-125,-453
318,-123,-459
313,-95,-455
311,-122,-473
311,-68,-457
310,-118,-458
310,-85,-457
312,-91,-478
318,-80,-456
323,-98,-454
324,-82,-472
328,-63,-461
328,-54,-451
331,-48,-471
335,-67,-469
338,-40,-468
341,-26,-448
341,-23,-466
341,-40,-450
344,-4,-444
345,32,-442
346,16,-441
345,26,-440
346,26,-440
346,51,-447
346,61,-454
347,58,-451
347,91,-429
349,104,-424
349,122,-419
348,169,-411
350,150,-404
351,175,-397
353,204,-387
354,200,-375
355,246,-382
357,248,-368
355,296,-355
350,293,-340
347,344,-315
342,363,-291
337,352,-300
337,396,-267
336,384,-267
334,427,-230
332,440,-216
329,452,-219
326,465,-204
323,473,-155
322,482,-161
320,492,-157
319,497,-132
314,509,-115
309,516,-102
303,525,-101
294,508,-98
287,515,-84
278,571,-51
268,530,-59
258,564,-28
250,571,-37
238,575,-17
230,577,-17
217,585,-8
208,591,22
198,594,30
185,574,18
178,595,12
172,603,30
164,590,29
158,579,30
151,606,27
145,608,26
136,608,8
128,585,-8
119,608,-12
112,609,-13
100,607,-26
90,579,-59
78,576,-75
68,598,-72
55,568,-106
46,589,-104
33,584,-118
19,551,-151
7,561,-150
-7,538,-181
-20,528,-198
-35,535,-194
-47,533,-209
-61,524,-222
-71,501,-252
-90,524,-250
-104,486,-262
-120,447,-292
-140,430,-305
-159,430,-315
-178,421,-317
-196,409,-310
-213,390,-335
-233,355,-337
-244,371,-319
-265,356,-320
-282,343,-328
-308,325,-315
-325,313,-313
-360,264,-323
-381,264,-297
-398,261,-288
-412,247,-295
-427,236,-277
-443,215,-291
-458,206,-263
-467,192,-261
-477,181,-252
-483,168,-233
-490,128,-267
-494,140,-247
-499,128,-246
-504,84,-255
-506,96,-253
-508,53,-271
-509,62,-252
-508,45,-238
-509,29,-258
-508,10,-260
-507,-26,-264
-502,-25,-279
-497,-39,-274
-490,-37,-281
-481,-88,-308
-472,-74,-300
-465,-84,-305
-459,-119,-316
-455,-126,-318
-452,-134,-336
-449,-139,-337
-447,-121,-317
-446,-152,-320
-447,-140,-311
-445,-148,-311
-444,-155,-311
-444,-188,-329
-444,-193,-330
-442,-166,-306
-443,-168,-307
-445,-165,-329
-443,-162,-310
-446,-181,-320
-448,-158,-310
-451,-135,-308
-455,-128,-306
-459,-119,-323
-463,-136,-323
-468,-94,-312
-471,-85,-318
-475,-73,-296
-480,-82,-293
-480,-57,-291
-485,-65,-289
-490,-54,-302
-497,-34,-275
-504,-7,-260
-514,-24,-265
-524,19,-239
-537,40,-215
-547,52,-217
-556,73,-178
-565,89,-157
-574,103,-154
-582,85,-129
-595,119,-69
-600,124,-50
-605,128,-28
-605,136,-3
-608,113,-2
-608,148,44
-608,156,61
-606,168,88
-602,177,109
-598,162,115
-590,201,161
-582,211,172
-576,192,204
-566,200,209
-560,204,227
-538,239,288
-527,234,307
-518,230,309
-505,239,348
-495,223,351
-487,231,365
-475,221,398
-468,180,399
-458,160,422
-449,156,433
-439,119,453
-423,77,476
-409,45,491
-396,25,525
-381,-2,537
-366,-63,525
-348,-101,532
-328,-138,537
-308,-145,562
-291,-201,562
-274,-224,543
-263,-244,541
-255,-253,540
-248,-241,558
-244,-259,538
-237,-253,556
-232,-254,560
-222,-253,564
-218,-248,567
-213,-253,550
-212,-248,552
-218,-264,552
-227,-211,571
-236,-249,550
-245,-220,568
-261,-220,544
-284,-219,549
-301,-224,521
-319,-253,508
-333,-250,514
-339,-245,505
-344,-265,497
-350,-270,486
-351,-290,471
-355,-309,450
-356,-357,421
-357,-361,421
-359,-376,401
-360,-398,376
-360,-420,352
-360,-458,323
-359,-462,287
-354,-475,273
-354,-518,226
-349,-508,215
-345,-538,163
-339,-533,151
-336,-567,102
-330,-547,94
-328,-551,70
-326,-578,31
-323,-552,18
-324,-575,2
-327,-576,-4
-331,-573,-3
-333,-547,3
-336,-542,31
-345,-539,46
-352,-533,47
-364,-523,70
-376,-541,108
-386,-505,114
-401,-509,147
-412,-463,190
-427,-465,200
-437,-414,246
-448,-387,273
-460,-353,302
-469,-316,328
-476,-305,350
-483,-245,352
-489,-167,388
-493,-133,396
-495,-70,425
-496,-7,424
-497,22,408
-497,82,419
-496,157,380
-496,209,346
-491,271,338
-487,312,291
-480,352,269
-467,399,188
-455,398,144
-443,419,106
-419,440,31
-395,477,-6
-378,453,-52
-347,467,-112
-314,463,-171
-280,445,-227
-248,395,-293
-203,359,-348
-172,353,-385
-144,325,-392
-93,265,-436
-28,182,-477
23,118,-496
71,57,-506
123,-12,-508
180,-86,-503
229,-182,-497
283,-243,-448
317,-256,-420
354,-299,-380
390,-340,-336
430,-404,-275
467,-406,-214
496,-430,-146
522,-425,-87
543,-438,-43
563,-431,10
581,-379,88
591,-356,124
602,-339,164
610,-292,191
617,-259,215
624,-255,211
628,-196,244
634,-166,252
638,-147,256
641,-120,242
643,-94,258
646,-80,258
646,-70,251
647,-62,258
647,-46,246
646,-40,237
648,-41,256
648,-42,252
650,-46,227
650,-15,244
652,-36,219
656,-21,229
659,0,224
659,-26,216
661,-1,210
662,-4,203
663,-22,200
666,-13,200
663,-12,200
663,-17,204
661,-12,208
660,-12,196
660,-12,200
655,-27,215
651,-30,215
650,2,231
646,8,250
644,13,257
640,24,264
636,29,274
633,50,259
628,62,282
627,57,283
625,84,285
623,95,284
622,85,281
623,109,279
621,115,274
622,119,271
623,93,245
624,111,242
628,141,255
634,100,250
637,81,225
643,80,238
648,37,214
653,15,206
656,-3,196
664,-4,204
666,-33,190
670,-59,170
673,-80,156
674,-96,127
672,-112,125
673,-148,93
674,-158,78
674,-137,65
671,-140,76
672,-141,61
671,-171,38
671,-175,48
671,-152,38
669,-156,35
671,-161,10
668,-191,27
669,-169,4
667,-175,2
664,-193,4
662,-184,3
660,-219,-27
657,-212,-16
654,-200,-29
649,-205,-34
647,-210,-49
643,-225,-62
638,-209,-84
636,-205,-98
630,-197,-122
621,-213,-162
614,-171,-167
608,-178,-202
600,-124,-208
595,-129,-244
585,-92,-262
579,-32,-252
571,-3,-278
563,13,-282
559,82,-258
555,118,-250
550,126,-259
547,194,-227
543,215,-220
538,249,-186
536,281,-159
535,308,-128
531,304,-118
531,346,-62
530,353,-42
533,374,17
536,373,54
541,369,82
547,360,103
553,335,117
560,330,164
567,310,189
574,290,208
579,272,214
585,248,245
591,219,243
598,177,277
610,139,288
614,115,291
619,89,293
624,56,292
628,49,290
632,29,285
638,7,276
640,-37,269
647,-26,262
646,-70,236
647,-57,254
646,-93,255
643,-100,243
639,-86,265
636,-85,277
630,-114,268
625,-103,286
611,-84,323
603,-78,331
586,-71,370
570,-87,393
552,-47,397
520,-17,450
497,-3,456
466,34,501
440,33,499
409,93,537
376,139,551
343,157,550
308,160,554
270,198,572
236,256,573
206,284,571
166,321,542
126,330,551
87,378,514
27,412,480
-20,479,439
-52,507,425
-79,500,372
-106,545,348
-127,564,307
-152,553,247
-169,559,225
-189,563,152
-209,590,94
-222,603,45
-234,548,-16
-249,527,-77
-259,554,-112
-268,470,-163
-270,472,-195
-281,411,-255
-289,364,-278
-295,348,-310
-302,301,-339
-306,244,-369
-308,183,-385
-309,140,-398
-307,127,-409
-308,100,-435
-314,72,-417
-316,55,-418
-322,39,-418
-328,5,-436
-333,-7,-419
-336,14,-412
-339,5,-409
-345,-7,-406
-350,-32,-404
-355,-53,-420
-364,-66,-415
-371,-65,-411
-376,-63,-384
-383,-70,-379
-388,-102,-394
-397,-108,-387
-403,-93,-362
-411,-129,-364
-415,-122,-349
-418,-128,-342
-420,-146,-336
-426,-165,-328
-427,-191,-319
-425,-212,-323
-425,-242,-297
-422,-276,-284
-420,-301,-292
-418,-345,-278
-413,-342,-248
-413,-375,-230
-413,-383,-202
-414,-401,-181
-416,-446,-170
-417,-436,-117
-418,-451,-86
-417,-465,-48
-414,-478,-2
-411,-514,45
-402,-496,89
-389,-499,133
-369,-514,176
-344,-500,246
-317,-524,273
-275,-490,327
-239,-483,380
-193,-472,424
-128,-483,453
-64,-436,498
2,-415,507
68,-392,526
123,-372,544
182,-350,535
250,-337,543
332,-280,526
383,-281,488
426,-243,470
505,-176,441
540,-143,413
576,-105,374
606,-89,315
634,-7,261
649,24,230
655,90,186
653,139,144
642,155,85
621,227,64
600,275,38
566,299,-3
511,366,-30
452,412,-78
398,474,-92
349,486,-89
296,527,-96
256,536,-99
210,544,-99
169,575,-97
122,586,-103
87,593,-99
55,597,-79
19,578,-93
-12,575,-87
-41,578,-69
-53,603,-57
-69,603,-68
-85,605,-51
-89,608,-17
-91,584,-22
-89,591,31
-85,619,54
-80,613,81
-74,621,113
-72,619,147
-72,614,186
-77,602,242
-88,586,279
-103,551,311
-124,525,335
-148,530,354
-173,511,383
-203,465,378
-244,451,392
-290,425,419
-331,389,397
-382,330,389
-426,307,392
-468,283,357
-512,241,335
-550,203,293
-583,163,241
-611,112,154
-626,59,88
-628,-7,19
-618,-23,-43
-600,-88,-114
-563,-134,-187
-521,-147,-237
-487,-177,-261
-443,-236,-316
-382,-253,-346
-334,-301,-355
-290,-338,-389
-249,-333,-381
-193,-389,-409
-141,-385,-393
-92,-432,-413
-54,-446,-411
-17,-432,-387
17,-468,-404
63,-448,-377
90,-477,-373
117,-450,-372
142,-450,-368
163,-468,-367
181,-439,-366
201,-431,-377
211,-423,-379
219,-418,-375
222,-410,-375
226,-433,-400
231,-400,-397
229,-397,-386
227,-393,-387
221,-390,-392
210,-415,-395
197,-368,-400
181,-418,-421
158,-399,-416
131,-430,-423
97,-437,-411
73,-417,-413
25,-429,-393
-13,-440,-393
-54,-454,-364
-106,-470,-337
-155,-487,-303
-196,-499,-265
-239,-514,-232
-282,-547,-178
-319,-531,-90
-344,-530,-26
-359,-527,35
-367,-538,103
-368,-533,178
-354,-493,238
-334,-502,289
-308,-484,341
-252,-415,436
-194,-401,488
-123,-371,514
-41,-339,569
38,-336,567
162,-288,594
252,-229,570
327,-218,560
398,-166,529
463,-158,471
521,-102,444
576,-64,380
607,-37,321
636,0,277
656,37,214
664,77,162
661,88,95
652,160,68
635,202,27
615,238,-6
592,273,-28
562,307,-57
524,327,-94
492,373,-108
455,417,-96
424,419,-98
393,470,-96
361,467,-106
330,491,-92
304,540,-64
274,559,-20
251,550,8
231,558,12
200,599,71
182,575,88
169,606,127
150,582,139
130,611,163
113,610,178
95,587,168
75,614,190
57,616,179
43,590,176
33,616,182
23,615,175
17,616,187
5,588,184
-3,588,203
-21,582,222
-36,607,235
-58,574,247
-78,595,260
-101,587,270
-128,579,266
-159,554,270
-199,550,302
-227,534,296
-250,523,314
-277,479,320
-302,463,324
-327,469,325
-351,454,325
-376,436,320
-398,419,296
-426,373,286
-450,355,273
-467,366,282
-491,342,262
-507,320,228
-523,314,218
-536,293,196
-548,262,200
-554,282,164
-557,280,173
-563,249,143
-568,247,110
-565,287,118
-566,277,98
-567,251,64
-565,254,41
-563,268,27
-560,273,27
-556,285,9
-552,287,-6
-546,289,-35
-540,277,-36
-535,297,-52
-528,301,-53
-521,305,-76
-515,309,-87
-508,285,-105
-500,311,-114
-494,313,-138
-488,287,-157
-483,294,-149
-474,311,-166
-467,282,-193
-462,282,-184
-454,287,-193
-447,310,-220
-442,286,-209
-426,319,-235
-420,295,-239
-413,298,-248
-402,341,-240
-390,332,-247
-381,307,-255
-368,338,-263
-355,343,-274
-344,320,-291
-329,365,-287
-315,350,-295
-306,324,-316
-293,353,-309
-278,340,-336
-265,328,-343
-251,355,-330
-236,355,-358
-225,327,-356
-215,326,-369
-203,349,-368
-198,321,-380
-193,342,-365
-189,309,-378
-187,326,-378
-189,314,-384
-194,303,-402
-200,294,-406
-211,280,-395
-227,265,-396
-247,250,-395
-266,214,-393
-290,218,-387
-316,177,-379
-350,171,-366
-377,161,-372
-422,142,-326
-454,97,-320
-489,78,-288
-512,96,-243
-547,51,-193
-573,43,-149
-593,62,-102
-610,32,-59
-620,28,-24
-626,57,49
-627,66,106
-619,69,156
-611,81,208
-591,93,247
-575,103,301
-547,106,350
-513,141,392
-480,160,430
-438,180,464
-385,205,483
-328,229,530
-276,222,551
-216,240,554
-162,286,576
-103,301,567
-39,317,582
15,328,563
60,338,571
100,342,539
147,357,545
190,366,506
227,375,508
271,354,461
321,381,446
343,390,426
365,366,388
387,365,366
406,366,366
423,367,338
436,395,307
446,371,292
451,399,297
462,405,270
464,414,257
468,413,233
467,418,232
468,422,209
463,401,209
461,433,203
452,417,177
445,423,187
436,437,157
430,441,150
421,480,161
408,462,151
398,498,148
388,506,144
370,508,137
355,528,126
332,541,154
314,547,162
301,549,151
283,537,158
263,556,193
249,556,183
228,572,222
217,572,224
208,547,227
196,569,239
184,551,272
167,545,263
151,572,281
131,561,300
108,546,297
88,561,315
65,548,298
35,548,299
9,550,316
-6,576,317
-29,571,316
-48,577,310
-68,573,287
-88,550,300
-104,573,294
-122,576,283
-136,576,266
-152,575,272
-166,576,265
-181,574,253
-197,573,232
-222,571,218
-234,569,204
-247,566,190
-258,564,175
-273,533,159
-287,555,119
-300,524,107
-308,546,76
-318,513,54
-326,510,49
-336,496,8
-340,490,-31
-342,475,-79
-347,490,-73
-366,456,-81
-387,474,-39
-402,467,-27
-418,433,-25
-433,447,13
-449,412,10
-465,396,28
-473,409,55
-485,375,74
-494,391,88
-502,376,99
-509,347,110
-515,336,98
-519,355,126
-524,321,111
-530,318,138
-533,331,141
-537,298,123
-539,320,129
-542,292,123
-544,311,142
-548,291,140
-551,302,137
-554,299,137
-559,288,122
-563,282,120
-568,254,90
-574,291,96
-579,225,82
-582,214,66
-585,201,27
-588,215,29
-592,177,10
-592,196,-22
-592,173,-29
-591,178,-57
-588,135,-81
-583,114,-109
-578,96,-130
-570,77,-153
-563,57,-173
-555,35,-190
-546,25,-206
-538,8,-221
-531,-32,-247
-518,-31,-249
-510,-48,-260
-503,-76,-269
-491,-88,-277
-484,-103,-283
-477,-123,-308
-469,-158,-291
-460,-160,-293
-456,-180,-294
-452,-226,-299
-445,-221,-286
-443,-240,-281
-440,-270,-272
-437,-299,-259
-436,-337,-245
-433,-342,-221
-429,-359,-205
-428,-382,-185
-423,-402,-168
-418,-424,-161
-415,-463,-119
-405,-458,-97
-398,-503,-94
-389,-489,-57
-377,-491,-33
-365,-519,-10
-351,-560,7
-338,-571,30
-324,-569,51
-310,-590,48
-287,-574,85
-274,-580,111
-261,-586,126
-245,-618,143
-230,-593,158
-213,-598,176
-201,-599,173
-190,-626,185
-172,-598,229
-156,-606,247
-138,-576,268
-121,-617,267
-100,-584,290
-82,-587,308
-54,-593,350
-26,-585,364
3,-545,380
31,-539,409
102,-526,424
163,-486,451
210,-428,469
253,-409,484
292,-344,512
322,-336,499
345,-280,504
377,-238,520
405,-224,496
433,-157,511
459,-111,500
480,-94,467
501,-25,449
514,5,459
531,52,416
543,92,415
549,105,392
552,139,357
556,196,339
554,196,314
550,250,318
542,276,288
533,307,275
520,334,261
505,331,259
489,397,258
472,405,249
456,426,227
435,445,235
411,470,225
394,457,200
375,500,213
360,530,206
342,525,199
325,510,175
306,548,185
292,540,177
276,565,149
259,572,160
246,580,152
230,559,120
214,567,108
206,596,118
188,603,89
177,600,98
167,608,88
157,622,76
148,604,67
142,612,58
129,599,52
120,589,42
113,617,44
105,618,31
99,619,31
87,593,29
77,622,50
67,595,28
56,597,30
51,622,51
39,625,43
26,598,38
16,600,43
6,609,48
-3,600,49
-10,625,56
-16,607,51
-19,623,58
-24,598,49
-28,622,37
-34,595,11
-39,619,6
-47,592,-8
-55,590,-18
-66,614,-6
-77,610,-14
-88,608,-36
-99,576,-52
-107,601,-58
-121,593,-56
-140,581,-80
-153,546,-117
-162,557,-117
-170,550,-148
-180,539,-148
-189,528,-166
-195,517,-181
-204,470,-228
-206,466,-247
-208,470,-241
-211,455,-258
-217,410,-296
-221,411,-311
-224,386,-319
-227,356,-356
-229,318,-381
-232,273,-397
-233,242,-416
-234,236,-411
-233,200,-435
-234,167,-443
-232,134,-444
-235,90,-469
-232,56,-458
-232,39,-460
-228,-29,-466
-223,-76,-466
-221,-132,-470
-217,-129,-463
-216,-183,-479
-211,-217,-472
-204,-267,-462
-199,-271,-431
-192,-329,-421
-186,-303,-410
-182,-366,-404
-176,-405,-404
-166,-429,-392
-155,-428,-358
-145,-451,-348
-133,-470,-348
-116,-482,-309
-108,-510,-295
-98,-526,-284
-84,-540,-267
-74,-554,-276
-64,-589,-262
-52,-603,-246
-37,-616,-226
-21,-604,-187
-9,-639,-187
2,-621,-152
14,-626,-136
26,-639,-145
41,-638,-123
53,-652,-96
63,-672,-89
75,-674,-91
90,-664,-59
106,-651,-51
119,-650,-26
136,-652,-30
150,-676,-29
178,-648,10
191,-645,23
205,-643,33
221,-665,45
238,-635,53
251,-635,83
264,-623,101
276,-617,121
283,-612,136
289,-605,159
291,-602,174
288,-596,194
286,-591,197
283,-586,234
275,-596,254
271,-572,273
259,-563,306
249,-554,327
242,-544,345
235,-532,364
232,-522,380
228,-504,387
229,-491,411
228,-482,439
230,-479,453
237,-436,460
248,-411,483
257,-387,498
269,-366,509
281,-341,519
292,-345,506
309,-293,536
328,-274,540
344,-240,537
360,-220,530
383,-192,521
396,-145,539
411,-133,514
429,-118,507
444,-56,535
460,-50,488
477,14,494
491,34,452
503,118,454
512,131,437
518,162,418
523,167,377
525,197,357
527,243,361
524,262,343
521,265,305
516,316,293
478,389,242
468,405,259
455,391,235
444,402,236
430,414,236
421,433,258
408,431,240
394,453,262
380,478,264
358,493,268
346,480,248
334,495,250
324,484,253
311,493,256
300,507,271
289,532,256
276,561,261
262,528,250
245,562,233
235,543,204
225,551,213
217,555,187
205,565,184
196,591,191
185,594,201
170,581,163
153,604,169
139,608,164
121,591,135
106,609,148
92,619,138
80,621,126
73,623,112
68,598,82
71,615,89
74,624,79
81,596,50
92,596,46
103,618,52
115,618,66
128,589,52
143,613,80
155,593,90
166,608,102
174,579,95
182,576,110
188,600,142
191,571,146
193,593,180
192,589,196
190,585,190
189,584,227
183,555,235
179,552,236
174,573,269
168,570,285
161,539,277
157,538,287
150,560,298
143,557,328
134,554,315
128,552,342
120,549,347
114,551,338
108,552,350
104,556,346
102,557,326
100,560,339
99,545,336
100,562,321
101,564,329
105,570,326
106,566,321
108,543,307
115,555,309
120,573,307
121,546,302
127,574,300
131,573,296
136,573,276
140,560,294
143,546,289
145,572,294
150,545,274
153,569,293
160,562,276
162,539,296
167,566,298
168,565,295
170,566,295
171,539,272
172,556,268
176,568,284
178,571,280
181,569,277
183,544,253
186,572,268
188,573,262
191,573,256
193,564,247
192,550,241
193,554,217
196,577,231
194,582,226
194,582,215
195,583,225
195,556,202
195,584,200
195,567,219
196,584,211
194,573,196
190,575,192
188,588,208
189,563,187
191,596,206
193,584,208
198,569,209
205,584,213
205,554,206
210,553,197
213,565,202
217,572,223
215,575,226
217,576,230
216,573,211
215,546,215
214,574,216
211,573,241
209,573,243
205,546,248
201,567,231
197,549,232
192,564,251
190,577,250
186,573,226
183,554,222
181,554,219
179,585,235
178,577,230
177,569,226
175,562,221
176,591,218
174,573,214
173,591,208
172,592,210
172,587,190
169,593,208
169,567,208
171,594,206
169,586,208
169,585,208
167,579,192
167,594,209
168,572,198
168,573,208
167,569,189
167,594,196
164,570,189
163,595,195
161,598,207
157,570,191
156,597,208
155,570,187
154,599,208
152,573,207
152,571,189
149,577,189
150,600,195
147,598,206
148,599,203
146,593,207
145,599,210
141,571,210
143,598,214
139,572,201
139,597,225
134,569,211
133,613,230
129,582,251
126,572,261
123,586,268
120,584,271
116,581,286
114,579,294
111,574,305
107,571,303
104,541,323
100,563,333
97,560,323
92,559,324
82,530,340
76,558,328
72,558,328
66,533,328
58,534,332
52,563,342
44,567,334
34,568,307
20,550,297
12,588,310
8,556,281
6,588,293
3,574,285
4,608,279
4,591,272
4,597,256
3,586,244
1,574,240
0,574,237
-3,601,243
-6,601,256
-12,575,236
-18,573,258
-26,572,242
-35,579,244
-45,578,247
-58,593,269
-68,566,272
-77,563,254
-83,588,277
-91,586,275
-94,588,276
-97,611,271
-98,582,269
-97,591,261
-94,569,232
-85,571,223
-68,605,232
-54,608,222
-38,589,210
-21,589,179
6,619,186
26,619,157
43,621,162
63,604,159
82,614,150
108,617,121
123,589,125
143,596,110
159,583,74
175,578,52
189,601,55
198,596,37
207,602,21
215,582,2
220,556,-31
224,552,-48
232,571,-46
238,541,-60
246,544,-93
257,549,-101
262,514,-120
279,496,-143
289,486,-160
296,472,-177
303,458,-194
308,443,-215
308,457,-231
306,444,-233
303,435,-247
296,421,-278
290,423,-267
281,417,-300
269,406,-312
255,406,-305
237,397,-337
217,399,-307
199,398,-336
183,396,-341
161,387,-348
145,391,-354
76,388,-370
50,379,-394
29,355,-396
2,351,-399
-19,373,-402
-44,339,-403
-68,332,-406
-91,326,-408
-113,344,-388
-139,333,-389
-161,298,-409
-171,292,-391
-188,285,-406
-200,303,-387
-217,270,-403
-226,291,-399
-245,278,-378
-258,279,-376
-272,247,-391
-287,238,-388
-303,258,-375
-321,235,-357
-334,245,-362
-348,238,-342
-375,200,-350
-387,195,-344
-401,187,-333
-420,207,-317
-436,186,-288
-451,172,-277
-463,196,-263
-476,194,-228
-489,169,-249
-502,170,-232
-514,175,-213
-524,180,-195
-534,215,-153
-537,223,-125
-544,235,-122
-547,243,-93
-550,243,-75
-551,260,-56
-553,270,-32
-553,284,-13
-552,272,6
-549,281,47
-541,321,68
-536,332,87
-527,317,84
-517,332,100
-504,376,136
-489,389,137
-476,404,155
-438,415,165
-427,452,191
-412,434,174
-402,444,177
-371,494,182
-359,506,176
-345,512,186
-336,522,160
-326,503,168
-318,520,159
-309,543,123
-304,521,116
-299,523,108
-295,550,99
-295,528,90
-294,529,80
-297,553,91
-303,550,86
-312,544,84
-322,545,87
-333,531,92
-345,526,101
-361,514,114
-371,511,129
-380,485,143
-387,467,162
-392,482,182
-395,448,200
-394,468,224
-393,461,246
-391,442,244
-386,443,286
-380,442,301
-374,435,317
-366,425,351
-352,412,359
-336,407,404
-320,396,405
-299,394,441
-264,387,457
-240,385,472
-212,386,481
-180,361,490
-139,366,515
-99,397,525
-64,403,520
-31,423,526
5,415,522
47,420,515
85,400,487
128,431,495
168,410,458
209,438,460
252,442,424
293,443,407
334,445,366
367,442,343
401,420,306
433,435,263
453,406,208
472,427,172
491,419,147
504,382,89
518,396,51
524,380,-3
521,358,-79
510,332,-137
492,335,-166
468,296,-217
443,315,-254
414,275,-309
394,289,-333
341,273,-361
306,236,-404
269,257,-407
234,245,-424
199,232,-437
171,236,-446
138,232,-453
106,205,-476
75,221,-460
50,211,-478
26,242,-470
5,248,-467
-10,253,-455
-28,256,-469
-46,263,-457
-61,268,-450
-72,269,-448
-87,245,-453
-97,265,-433
-106,268,-432
-116,261,-448
-127,255,-454
-135,246,-429
-146,213,-448
-152,210,-458
-158,224,-439
-165,201,-461
-173,177,-462
-181,190,-444
-190,187,-444
-196,176,-457
-205,168,-444
-212,159,-451
-221,155,-442
-231,131,-441
-243,159,-435
-255,133,-448
-261,149,-426
-269,153,-421
-281,156,-426
-293,159,-430
-306,160,-419
-320,152,-391
-334,176,-400
-347,183,-382
-358,188,-357
-372,197,-353
-386,205,-334
-397,181,-341
-430,214,-299
-445,210,-291
-459,183,-280
-475,187,-260
-487,195,-238
-497,234,-204
-505,218,-186
-512,233,-171
-514,246,-157
-516,265,-129
-513,316,-75
-512,310,-56
-502,359,-39
-491,403,1
-476,405,22
-457,432,45
-437,453,67
-415,473,71
-389,467,79
-365,487,92
-340,518,118
-321,513,104
-305,521,119
-289,556,132
-275,562,134
-266,567,137
-258,569,141
-258,544,126
-258,568,149
-264,539,132
-273,561,158
-281,550,164
-289,545,153
-300,543,184
-309,536,178
-320,501,206
-333,488,222
-350,483,252
-365,451,260
-376,446,298
-375,377,377
-366,335,426
-348,304,440
-321,314,501
-291,249,531
-262,258,554
-227,220,575
-184,218,599
-129,198,618
-85,183,629
-30,150,618
43,142,638
125,149,612
193,159,620
246,157,602
294,132,565
349,129,536
385,157,525
441,162,493
473,145,445
508,182,420
541,172,351
562,212,331
578,223,296
586,207,258
596,247,210
600,235,166
601,271,102
599,282,61
593,291,19
587,281,-7
575,298,-55
562,273,-76
547,275,-116
528,299,-152
511,272,-201
485,285,-219
466,280,-253
445,269,-284
430,284,-285
415,287,-311
389,281,-323
374,248,-358
359,258,-350
344,262,-381
335,265,-367
325,248,-375
314,247,-381
303,262,-388
292,264,-391
280,267,-394
269,273,-394
258,264,-394
249,288,-394
243,293,-395
233,305,-392
226,303,-390
216,295,-405
203,306,-404
189,363,-377
177,331,-391
164,347,-366
156,353,-381
149,388,-357
137,373,-352
130,408,-345
122,417,-350
117,399,-352
114,423,-323
111,419,-318
113,449,-330
113,456,-302
114,461,-296
117,445,-309
121,474,-282
124,479,-272
129,483,-287
134,489,-269
143,491,-255
149,473,-271
158,491,-251
165,461,-272
171,456,-275
182,473,-283
194,462,-274
201,451,-294
210,437,-312
223,421,-305
232,405,-316
240,391,-323
252,372,-336
262,327,-365
275,332,-357
286,314,-363
296,299,-368
303,271,-371
314,245,-396
326,256,-378
335,212,-400
346,220,-383
352,185,-399
360,191,-389
367,142,-413
376,141,-399
379,115,-403
385,89,-407
386,53,-413
387,19,-417
384,-19,-441
378,-18,-426
373,-64,-446
364,-87,-452
349,-149,-457
340,-157,-459
315,-212,-442
293,-246,-462
265,-283,-449
248,-306,-459
216,-317,-438
186,-349,-430
152,-380,-415
117,-432,-404
76,-429,-392
35,-445,-380
-7,-483,-388
-48,-461,-380
-80,-462,-352
-103,-486,-368
-130,-483,-362
-158,-475,-358
-189,-443,-330
-214,-437,-324
-233,-432,-329
-258,-426,-305
-281,-422,-314
-308,-417,-285
-331,-416,-249
-350,-417,-241
-362,-419,-226
-373,-420,-210
-379,-433,-217
-387,-442,-200
-391,-436,-166
-395,-443,-150
-399,-477,-151
-402,-458,-106
-405,-491,-103
-408,-494,-79
-415,-488,-13
-419,-478,25
-418,-480,63
-418,-502,107
-406,-493,141
-390,-505,191
-368,-506,233
-342,-480,292
-308,-482,328
-270,-483,361
-236,-485,393
-191,-498,389
-127,-489,433
-80,-505,448
-36,-517,435
19,-492,437
73,-493,455
121,-494,456
176,-477,435
226,-493,437
273,-520,374
335,-490,355
368,-489,329
418,-509,264
450,-479,241
470,-473,212
492,-465,177
511,-456,140
528,-474,100
546,-429,45
555,-440,2
570,-404,-53
574,-368,-57
578,-356,-88
579,-324,-120
578,-315,-168
573,-304,-179
568,-266,-226
562,-229,-232
555,-209,-265
545,-187,-292
518,-126,-316
502,-118,-355
487,-79,-372
469,-14,-366
453,20,-395
437,49,-403
423,51,-407
410,103,-403
396,104,-409
385,158,-407
371,187,-400
357,182,-403
344,203,-402
326,249,-380
306,241,-400
286,256,-401
269,298,-379
245,291,-397
224,308,-392
210,337,-391
193,359,-367
180,364,-368
166,371,-367
154,375,-367
142,377,-366
138,378,-367
130,354,-387
126,355,-388
122,379,-385
123,387,-368
124,392,-361
127,395,-369
131,398,-352
137,397,-351
144,369,-351
152,369,-370
162,382,-369
170,375,-368
183,362,-367
198,384,-352
208,367,-363
219,350,-363
237,376,-349
247,373,-358
257,373,-333
269,344,-348
285,369,-322
296,367,-318
308,366,-327
320,337,-305
333,337,-318
349,332,-309
363,333,-299
375,358,-270
386,332,-281
396,330,-272
405,355,-249
416,321,-244
425,325,-256
439,304,-256
453,323,-239
465,310,-228
477,301,-224
491,290,-226
506,278,-209
521,267,-215
532,264,-181
541,239,-162
553,275,-134
559,281,-115
564,284,-98
566,288,-99
569,267,-87
573,297,-50
576,299,-39
579,293,-37
609,258,20
611,226,18
615,251,63
617,247,63
617,244,86
621,237,75
623,234,88
624,232,83
625,232,71
625,213,63
625,230,56
625,212,46
625,225,37
626,219,8
627,214,16
629,193,-22
630,200,-13
629,168,-42
630,193,-43
631,188,-31
630,157,-61
632,149,-65
631,173,-48
632,172,-52
633,172,-53
630,172,-55
630,175,-64
630,149,-78
627,150,-79
627,148,-81
629,174,-75
627,143,-87
628,138,-71
631,154,-78
630,145,-85
632,134,-94
632,95,-122
633,109,-114
634,101,-115
632,67,-138
636,79,-135
635,53,-144
637,68,-124
638,64,-123
639,85,-121
639,55,-120
641,61,-131
640,59,-121
639,31,-137
642,40,-120
639,28,-142
640,54,-124
638,27,-139
638,52,-130
635,35,-134
634,27,-140
631,52,-145
628,25,-173
621,56,-165
616,50,-175
611,57,-196
602,29,-220
591,49,-237
587,50,-248
571,56,-250
559,28,-285
543,53,-297
527,35,-304
511,23,-338
491,29,-340
472,35,-356
455,16,-392
431,14,-395
408,39,-404
387,37,-417
370,35,-427
347,33,-453
329,5,-467
314,32,-467
295,13,-462
273,36,-470
248,12,-497
229,43,-482
212,44,-488
196,27,-504
184,45,-502
167,19,-505
147,20,-501
127,47,-504
111,63,-506
91,53,-506
73,54,-509
58,57,-508
44,44,-508
28,62,-508
20,52,-508
13,70,-506
12,76,-511
13,84,-505
14,92,-503
16,100,-501
20,110,-500
24,103,-515
27,120,-504
32,147,-491
35,154,-488
40,163,-486
46,143,-503
58,182,-491
65,161,-477
81,183,-483
93,207,-466
111,196,-467
130,207,-473
156,251,-447
179,238,-449
206,277,-415
224,284,-409
241,263,-395
261,296,-400
272,273,-398
289,301,-369
300,303,-380
306,298,-363
309,293,-363
310,264,-384
310,258,-390
308,276,-387
301,252,-406
287,227,-419
266,238,-431
246,212,-425
228,225,-434
201,190,-446
174,203,-454
143,199,-465
110,170,-473
79,162,-502
39,163,-505
0,154,-508
-62,130,-486
-103,129,-483
-141,92,-497
-190,80,-486
-222,91,-455
-270,83,-438
-311,46,-420
-358,63,-394
-389,58,-375
-421,27,-346
-454,50,-315
-499,66,-268
-532,39,-245
-553,53,-193
-573,45,-152
-590,40,-131
-606,52,-78
-616,60,-27
-619,96,27
-622,101,91
-620,76,116
-607,105,190
-594,97,253
-574,106,303
-548,88,334
-501,88,396
-450,119,451
-388,98,524
-320,131,549
-228,136,603
-153,143,626
-73,154,637
-5,163,641
55,153,615
125,176,617
189,225,598
246,251,571
285,243,531
343,305,483
380,303,450
419,349,400
450,349,340
482,362,239
499,401,162
500,401,89
487,422,36
465,418,-28
436,411,-105
398,429,-151
360,436,-201
311,407,-263
228,399,-319
175,396,-341
55,393,-366
-14,415,-359
-78,409,-363
-129,409,-351
-169,413,-319
-191,387,-329
-209,414,-302
-225,416,-293
-240,410,-283
-249,414,-295
-257,423,-267
-262,401,-267
-262,404,-278
-257,409,-272
-254,440,-252
-249,443,-251
-243,435,-257
-235,440,-263
-221,413,-276
-205,429,-290
-190,394,-325
-171,407,-324
-160,394,-341
-141,357,-362
-122,351,-394
-107,325,-402
-91,305,-437
-77,288,-430
-61,256,-444
-49,244,-454
-37,225,-463
-26,209,-471
-17,191,-475
-10,177,-480
-6,136,-506
-1,125,-509
0,139,-493
-5,124,-497
-9,137,-498
-17,93,-498
-30,78,-518
-46,103,-496
-63,76,-516
-80,100,-492
-101,103,-490
-123,105,-484
-148,105,-479
-184,79,-487
-225,76,-475
-259,75,-440
-292,99,-425
-323,92,-409
-352,89,-391
-384,88,-370
-412,81,-350
-441,58,-345
-464,86,-302
-483,89,-280
-504,65,-275
-519,97,-230
-534,102,-209
-549,111,-183
-558,120,-180
-569,130,-134
-576,147,-110
-581,156,-99
-585,154,-90
-587,174,-70
-589,187,-34
-588,182,-37
-589,180,-4
-589,216,14
-587,196,9
-584,232,36
-582,240,52
-576,252,49
-571,264,65
-570,247,69
-564,253,97
-559,291,96
-555,300,108
-546,284,133
-538,294,146
-526,332,179
-519,320,174
-506,331,209
-495,362,220
-489,368,228
-482,372,235
-477,376,241
-473,376,249
-470,351,236
-467,376,266
-465,355,281
-457,363,308
-448,352,315
-420,321,400
-404,299,428
-383,291,452
-349,270,497
-314,249,528
-277,203,538
-213,176,574
-90,163,635
-39,123,622
10,143,646
55,112,644
99,114,642
143,110,615
188,144,625
223,151,612
259,135,578
301,175,576
333,190,544
364,203,533
392,190,490
423,202,459
454,235,448
478,246,419
506,254,380
529,258,344
549,249,290
568,238,247
589,274,191
593,249,143
597,280,136
596,257,80
596,288,53
591,290,15
583,263,-39
577,287,-62
562,282,-107
551,275,-142
535,271,-175
519,263,-206
506,257,-227
494,220,-253
481,235,-274
470,223,-308
458,185,-310
448,169,-327
442,154,-359
436,151,-370
429,130,-378
426,151,-380
421,121,-387
417,143,-373
414,141,-375
411,142,-376
411,140,-384
408,138,-381
404,133,-383
398,133,-388
393,125,-399
384,96,-399
378,119,-406
366,102,-414
356,105,-434
342,96,-431
326,89,-441
306,52,-471
281,70,-462
264,62,-477
244,29,-497
219,21,-487
188,44,-494
164,38,-520
138,24,-523
112,32,-508
88,31,-509
68,29,-532
47,29,-522
24,32,-532
11,10,-512
-9,13,-530
-46,28,-525
-68,66,-501
-88,78,-497
-102,64,-507
-114,76,-492
-129,99,-499
-137,144,-471
-146,157,-465
-151,193,-453
-154,188,-448
-156,198,-460
-156,215,-449
-154,241,-434
-155,244,-437
-155,221,-451
-156,223,-449
-155,252,-447
-158,246,-448
-160,222,-449
-165,216,-446
-169,235,-432
-172,226,-435
-176,216,-437
-181,204,-441
-187,166,-450
-193,158,-456
-197,170,-460
-204,161,-447
-217,132,-463
-225,159,-440
-237,139,-453
-253,149,-442
-266,175,-412
-285,205,-409
-300,221,-381
-316,237,-385
-335,223,-368
-355,241,-326
-389,281,-286
-410,295,-257
-430,305,-227
-449,317,-192
-467,319,-178
-485,339,-107
-495,347,-72
-506,360,-8
-508,394,33
-504,377,57
-496,365,99
-485,400,126
-470,412,151
-456,426,155
-435,442,169
-420,453,186
-404,439,186
-382,455,198
-365,496,206
-350,504,212
-337,505,214
-319,519,197
-308,529,218
-302,507,201
-295,538,213
-291,521,220
-293,512,202
-299,511,224
-308,502,211
-316,491,222
-320,512,231
-325,501,270
-326,493,286
-322,486,286
-310,482,329
-296,483,345
-277,483,359
-259,469,372
-236,487,382
-196,467,377
-160,486,405
-130,480,388
-100,489,402
-64,520,406
-23,503,379
16,538,365
57,537,366
91,556,346
123,562,323
149,567,301
172,572,260
193,573,240
209,549,231
222,577,201
232,579,175
243,580,164
249,552,135
258,577,117
269,551,66
270,573,73
277,571,43
280,568,38
285,564,20
290,559,-14
296,551,-29
302,544,-32
311,532,-66
322,499,-84
330,516,-79
338,490,-92
351,490,-133
356,458,-126
364,441,-160
377,449,-161
382,407,-195
393,414,-194
397,382,-212
403,374,-245
408,343,-268
412,330,-281
413,281,-306
415,288,-300
410,261,-321
405,210,-340
399,206,-378
388,179,-391
379,147,-412
362,83,-437
346,71,-433
328,17,-450
308,-21,-471
281,-65,-478
256,-72,-480
228,-128,-506
204,-147,-490
174,-180,-515
144,-172,-495
111,-203,-517
78,-204,-495
45,-220,-495
14,-212,-505
-15,-211,-491
-44,-207,-490
-71,-199,-489
-95,-186,-498
-117,-201,-488
-139,-152,-485
-160,-129,-494
-176,-106,-479
-194,-75,-489
-211,-41,-473
-224,-7,-467
-234,-1,-482
-243,59,-471
-249,98,-446
-251,125,-440
-250,154,-451
-250,157,-443
-246,201,-417
-242,229,-410
-238,241,-406
-235,219,-425
-229,246,-405
-227,241,-426
-227,244,-407
-226,238,-411
-228,231,-424
-234,224,-415
-238,217,-415
-248,209,-413
-259,206,-409
-272,174,-424
-291,201,-395
-313,196,-405
-334,193,-373
-353,187,-362
-376,200,-360
-398,170,-346
-425,134,-337
-441,151,-326
-465,132,-285
-486,130,-266
-508,96,-241
-523,90,-219
-542,114,-193
-555,109,-174
-569,83,-147
-578,112,-120
-588,116,-97
-594,114,-93
-600,107,-51
-602,131,-34
-604,141,-12
-607,151,-6
-606,162,32
-604,155,48
-602,174,63
-600,167,57
-595,207,94
-591,219,107
-586,232,112
-581,245,113
-575,228,118
-570,238,127
-562,280,142
-553,266,142
-540,309,176
-532,296,178
-522,337,188
-511,352,185
-504,336,177
-494,346,180
-481,390,189
-471,381,214
-460,382,202
-425,410,217
-412,446,226
-402,430,225
-390,464,244
-380,473,232
-371,475,218
-367,460,217
-360,466,211
-356,471,226
-353,483,221
-352,498,218
-352,503,196
-352,490,189
-360,502,205
-363,498,205
-368,494,190
-378,465,182
-385,461,203
-393,450,185
-398,439,208
-406,463,213
-414,448,215
-423,441,228
-431,424,238
-433,427,245
-434,407,234
-436,413,263
-435,408,260
-436,392,283
-440,366,275
-439,354,291
-439,341,309
-438,351,348
-436,336,370
-431,318,392
-428,295,413
-422,244,417
-416,242,458
-409,208,480
-402,182,498
-393,133,515
-387,79,507
-375,47,541
-361,20,553
-332,-59,552
-321,-92,566
-307,-170,545
-290,-193,537
-278,-241,546
-265,-284,530
-255,-322,514
-248,-387,474
-239,-391,474
-228,-445,446
-216,-461,401
-205,-494,391
-194,-518,366
-180,-570,320
-164,-592,291
-150,-583,287
-133,-596,253
-121,-626,226
-107,-616,228
-94,-627,194
-85,-633,191
-73,-666,171
-51,-649,142
-38,-656,118
-22,-662,74
-8,-688,60
6,-690,23
26,-674,-8
44,-658,-20
56,-656,-44
71,-651,-75
80,-647,-82
90,-640,-97
103,-658,-115
116,-627,-134
127,-618,-154
138,-634,-190
157,-619,-217
175,-599,-245
190,-552,-250
202,-532,-271
214,-509,-295
223,-506,-335
230,-462,-336
234,-460,-377
233,-400,-385
230,-368,-415
225,-346,-425
220,-339,-455
213,-284,-451
206,-255,-461
200,-256,-491
195,-204,-478
192,-181,-478
191,-155,-507
185,-131,-505
183,-86,-500
181,-61,-500
178,-62,-520
177,-8,-513
176,10,-499
172,8,-517
171,37,-494
156,140,-481
150,157,-485
144,182,-479
137,186,-477
129,197,-480
121,179,-485
114,213,-475
106,219,-462
100,219,-462
97,221,-482
93,218,-465
90,213,-484
87,214,-466
89,213,-466
88,210,-468
91,209,-467
95,209,-468
98,199,-467
99,179,-468
102,207,-487
105,199,-473
106,202,-469
112,197,-471
113,180,-470
116,165,-491
120,162,-471
125,186,-477
129,183,-468
135,158,-474
145,168,-475
155,149,-497
166,143,-478
176,131,-479
191,119,-486
210,72,-498
231,80,-476
263,50,-473
283,29,-467
309,-18,-459
339,-28,-446
363,-81,-454
395,-115,-436
422,-123,-416
447,-153,-372
464,-189,-350
486,-242,-322
500,-248,-304
510,-302,-290
515,-319,-248
514,-326,-231
510,-349,-226
501,-384,-226
484,-421,-196
469,-448,-191
455,-439,-191
432,-464,-193
417,-470,-180
398,-482,-199
381,-493,-205
356,-506,-210
331,-518,-214
309,-556,-236
277,-567,-218
250,-579,-218
222,-563,-230
195,-571,-216
163,-583,-227
130,-600,-206
93,-599,-207
60,-619,-214
14,-633,-198
-25,-603,-184
-59,-617,-183
-91,-608,-181
-124,-593,-181
-159,-603,-199
-195,-560,-179
-224,-575,-185
-243,-538,-181
-278,-544,-199
-309,-499,-177
-337,-479,-173
-377,-474,-165
-403,-457,-178
-427,-431,-148
-445,-393,-139
-464,-376,-142
-475,-367,-141
-485,-373,-113
-498,-372,-123
-503,-338,-98
-513,-327,-76
-523,-317,-76
-529,-319,-69
-535,-304,-76
-541,-296,-76
-545,-290,-49
-552,-310,-50
-554,-307,-51
-555,-282,-54
-557,-278,-31
-556,-302,-48
-555,-285,-29
-550,-291,-28
-545,-299,-44
-540,-308,-36
-535,-315,-39
-532,-347,-61
-526,-356,-69
-517,-338,-59
-507,-349,-71
-494,-360,-81
-480,-379,-104
-465,-390,-121
-446,-439,-122
-424,-432,-129
-402,-453,-119
-373,-506,-121
-346,-503,-121
-313,-528,-113
-268,-561,-115
-244,-602,-114
-212,-595,-105
-188,-605,-87
-167,-616,-66
-153,-648,-78
-135,-656,-69
-124,-660,-42
-107,-645,-38
-92,-644,-41
-72,-644,-7
-58,-678,-18
-45,-658,9
-32,-684,-4
-16,-660,21
-6,-687,4
9,-690,5
22,-676,28
32,-663,15
42,-663,28
45,-670,9
52,-663,30
57,-663,36
59,-666,38
62,-663,38
62,-663,40
61,-665,45
61,-688,47
63,-664,47
63,-689,26
64,-683,24
64,-664,46
67,-664,35
70,-638,46
76,-664,25
84,-662,22
89,-672,22
99,-659,0
108,-686,-2
117,-682,-21
128,-662,-38
140,-646,-75
152,-668,-92
167,-657,-114
193,-644,-145
216,-627,-169
236,-585,-193
261,-580,-195
284,-569,-234
305,-546,-235
326,-522,-268
347,-495,-283
372,-440,-278
394,-432,-308
414,-386,-297
435,-353,-303
448,-342,-329
460,-316,-332
471,-269,-318
481,-257,-331
489,-217,-327
494,-184,-325
501,-158,-338
505,-129,-329
507,-133,-344
506,-89,-332
506,-59,-333
505,-69,-340
506,-27,-337
504,-12,-333
504,-26,-353
506,14,-330
506,24,-329
508,35,-320
511,24,-342
513,45,-317
517,26,-333
521,65,-307
525,36,-306
535,66,-292
540,55,-284
547,44,-288
557,61,-284
566,51,-268
572,82,-236
580,77,-226
585,91,-222
591,98,-226
594,75,-198
600,82,-204
603,114,-176
605,122,-165
611,123,-148
614,143,-152
613,155,-125
615,168,-115
615,166,-124
614,193,-104
610,205,-81
608,220,-71
605,232,-72
603,264,-50
598,247,-38
595,270,-22
590,284,-11
583,273,3
576,287,18
568,331,15
558,347,50
543,365,66
531,383,75
515,401,82
498,394,83
480,437,70
466,448,84
453,456,81
439,472,87
429,483,90
418,489,88
408,468,70
399,503,88
395,506,83
389,510,65
385,513,82
382,487,62
381,514,59
380,506,74
380,517,70
379,514,65
381,515,62
384,508,56
385,483,32
390,506,48
394,500,27
396,475,48
398,474,49
402,499,35
402,498,52
405,498,54
406,495,59
405,495,47
406,498,61
404,491,41
403,499,50
401,473,41
399,502,59
393,478,34
391,494,45
386,482,42
384,512,35
377,512,24
375,516,17
367,489,-2
364,517,-9
360,516,-21
356,518,-31
353,515,-57
347,514,-57
341,486,-90
338,484,-103
330,481,-119
326,478,-129
320,502,-127
312,473,-159
307,489,-151
297,496,-164
288,465,-195
283,490,-204
273,486,-197
266,484,-206
259,453,-236
247,477,-230
241,472,-238
233,468,-248
227,463,-277
220,448,-269
213,425,-296
209,446,-284
206,441,-290
201,436,-298
198,430,-305
197,426,-310
194,418,-317
193,415,-323
192,382,-348
193,403,-353
194,398,-335
198,392,-340
202,388,-348
205,384,-344
209,380,-345
214,377,-347
218,374,-349
225,371,-348
230,339,-368
237,364,-368
241,345,-347
248,358,-348
254,355,-359
259,352,-348
261,346,-350
265,316,-372
267,307,-355
272,301,-379
273,291,-385
276,307,-372
275,271,-386
276,294,-380
276,284,-386
276,248,-391
274,265,-397
271,257,-401
271,244,-409
270,236,-413
267,227,-419
266,189,-443
268,204,-428
266,197,-432
267,188,-455
264,155,-458
264,176,-440
263,174,-456
262,169,-463
259,142,-463
260,152,-445
259,162,-464
261,167,-464
265,166,-462
268,141,-462
271,170,-452
274,169,-459
272,151,-456
268,184,-455
261,186,-455
252,196,-438
246,200,-449
235,176,-447
229,205,-441
217,206,-444
208,209,-451
198,185,-468
175,193,-454
163,208,-468
154,208,-460
144,210,-478
137,199,-461
130,210,-458
126,228,-457
120,240,-452
116,238,-469
108,229,-445
108,252,-447
109,245,-451
107,238,-453
109,204,-476
119,206,-459
128,184,-480
141,197,-466
156,169,-468
169,159,-492
189,132,-493
211,86,-495
236,89,-472
262,39,-489
293,7,-481
324,5,-453
347,-10,-455
375,-35,-428
401,-59,-414
423,-73,-401
447,-118,-402
467,-112,-364
484,-156,-358
501,-177,-342
512,-148,-311
523,-189,-295
532,-207,-278
540,-223,-278
546,-235,-248
553,-257,-229
560,-266,-212
566,-272,-195
571,-284,-179
574,-325,-168
577,-324,-140
579,-325,-135
578,-363,-126
577,-352,-88
574,-362,-67
575,-362,-49
573,-384,-26
569,-422,-25
562,-432,-1
558,-416,33
551,-449,36
545,-432,69
536,-441,85
524,-453,87
513,-462,111
503,-473,121
490,-485,133
476,-493,143
467,-524,129
455,-535,153
447,-512,162
435,-550,147
421,-532,172
405,-561,175
389,-551,178
374,-587,179
360,-592,176
346,-573,182
330,-587,163
313,-616,169
306,-594,178
289,-629,158
279,-607,172
268,-638,147
262,-614,164
254,-619,156
245,-623,151
238,-641,124
229,-630,141
221,-660,118
212,-621,137
202,-664,124
195,-639,128
187,-668,118
177,-644,138
171,-646,127
167,-645,125
163,-660,113
160,-648,128
156,-650,125
153,-650,124
153,-651,118
155,-651,113
159,-651,99
164,-677,81
171,-650,93
177,-653,93
184,-648,76
193,-646,79
201,-644,62
214,-640,60
225,-638,71
236,-649,67
245,-659,58
261,-645,54
270,-651,25
278,-647,18
287,-618,28
296,-614,19
301,-637,-14
308,-606,-24
315,-613,-31
314,-596,-44
313,-596,-59
307,-606,-96
299,-591,-91
289,-590,-103
278,-578,-118
265,-618,-137
251,-620,-140
239,-593,-151
225,-605,-157
212,-595,-163
165,-596,-188
155,-621,-212
145,-620,-204
140,-608,-206
135,-589,-211
128,-585,-220
126,-586,-226
122,-578,-257
121,-571,-247
120,-576,-273
119,-559,-281
119,-553,-267
119,-549,-274
120,-543,-281
119,-539,-287
120,-560,-312
122,-538,-298
121,-524,-304
119,-526,-313
117,-536,-317
118,-508,-331
116,-507,-347
115,-498,-331
113,-494,-335
111,-491,-337
110,-490,-361
109,-489,-353
110,-488,-341
110,-506,-339
109,-492,-354
111,-494,-337
109,-505,-352
110,-527,-351
111,-502,-328
111,-505,-316
110,-508,-334
110,-536,-320
111,-513,-316
110,-519,-325
110,-549,-327
108,-553,-300
110,-534,-307
110,-530,-291
112,-539,-306
116,-544,-280
118,-560,-295
121,-581,-285
126,-579,-257
133,-593,-270
140,-593,-260
149,-574,-231
161,-576,-239
172,-606,-235
189,-606,-227
202,-578,-199
217,-592,-193
233,-576,-199
250,-573,-177
268,-597,-191
288,-567,-174
301,-565,-154
318,-563,-144
332,-590,-138
340,-556,-130
349,-555,-124
358,-553,-133
363,-551,-111
373,-548,-104
380,-549,-100
385,-542,-98
391,-568,-114
400,-533,-91
412,-529,-89
424,-525,-86
433,-515,-98
440,-507,-96
447,-502,-83
452,-497,-85
457,-496,-77
461,-493,-69
465,-492,-82
468,-492,-54
469,-494,-48
470,-496,-59
470,-499,-29
469,-503,-27
462,-511,-10
454,-519,9
444,-531,18
429,-540,27
415,-549,16
400,-559,37
380,-573,28
362,-587,42
337,-602,31
313,-608,23
291,-618,23
269,-649,-30
253,-627,-45
229,-655,-76
212,-626,-85
199,-639,-125
190,-615,-133
185,-606,-157
181,-607,-200
176,-592,-199
174,-574,-234
172,-572,-245
172,-542,-282
171,-552,-312
171,-506,-314
171,-483,-336
172,-487,-377
170,-428,-400
165,-404,-401
163,-375,-437
158,-351,-431
153,-329,-443
143,-305,-445
131,-306,-487
119,-254,-478
105,-245,-484
88,-250,-509
78,-229,-496
65,-210,-493
49,-208,-495
29,-212,-494
14,-222,-500
-1,-238,-486
-13,-277,-501
-30,-290,-469
-38,-327,-459
-47,-326,-447
-53,-358,-441
-57,-385,-436
-59,-415,-421
-59,-426,-387
-56,-444,-372
-53,-462,-360
-41,-486,-339
-30,-532,-344
-17,-519,-310
-4,-553,-312
13,-537,-292
25,-571,-305
39,-549,-278
52,-560,-294
73,-556,-287
92,-559,-263
105,-557,-282
126,-556,-274
140,-554,-262
155,-551,-262
171,-561,-262
192,-566,-276
214,-541,-263
236,-552,-263
259,-518,-258
290,-510,-251
311,-503,-247
329,-495,-240
349,-489,-253
365,-485,-229
390,-475,-241
401,-466,-221
410,-484,-239
421,-474,-242
431,-435,-226
444,-399,-251
442,-387,-284
441,-400,-297
436,-363,-288
431,-371,-299
423,-352,-308
413,-328,-318
403,-377,-325
394,-354,-332
382,-384,-356
368,-362,-342
355,-394,-352
344,-376,-348
332,-383,-361
322,-378,-350
313,-409,-351
305,-417,-351
297,-410,-352
287,-414,-351
276,-447,-352
268,-426,-374
260,-424,-354
251,-435,-359
245,-424,-361
240,-424,-364
230,-423,-366
221,-423,-371
214,-450,-391
210,-427,-378
206,-457,-388
203,-436,-365
199,-443,-359
195,-456,-353
192,-467,-342
189,-508,-331
188,-497,-314
187,-521,-319
185,-552,-271
191,-582,-264
201,-575,-210
210,-588,-201
220,-621,-181
244,-602,-147
260,-604,-110
277,-629,-107
292,-603,-73
305,-630,-67
313,-629,-43
324,-600,0
330,-601,3
335,-626,38
336,-607,77
331,-628,73
324,-599,110
317,-631,102
303,-626,120
291,-612,125
280,-641,119
273,-621,135
265,-624,129
257,-626,102
255,-629,98
256,-633,96
255,-656,66
260,-629,66
267,-626,47
276,-651,15
288,-618,19
300,-637,0
313,-604,-5
326,-597,-14
341,-614,-39
372,-598,-45
391,-559,-22
406,-572,-16
426,-538,-21
438,-557,-5
453,-546,1
464,-512,36
478,-501,57
485,-509,78
494,-482,99
498,-481,134
499,-464,142
498,-455,194
493,-461,207
490,-441,244
482,-434,270
468,-426,303
454,-417,331
439,-412,356
420,-410,362
388,-401,402
359,-423,419
325,-412,443
295,-396,476
265,-399,478
228,-407,502
176,-437,508
134,-422,511
103,-433,506
64,-456,498
29,-458,488
-11,-475,471
-42,-487,455
-65,-475,440
-87,-521,403
-104,-540,408
-121,-526,392
-130,-530,361
-134,-524,366
-134,-545,357
-129,-557,344
-115,-567,333
-101,-602,322
-75,-588,303
-45,-598,289
-14,-635,269
34,-647,246
71,-626,240
103,-618,217
136,-638,178
161,-656,154
182,-671,95
195,-645,61
207,-643,31
212,-637,-10
209,-658,-56
195,-648,-119
169,-606,-162
129,-615,-231
88,-571,-242
32,-554,-273
-24,-534,-289
-78,-518,-297
-137,-500,-307
-196,-486,-283
-283,-466,-245
-325,-457,-228
-368,-448,-175
-406,-442,-129
-431,-465,-88
-452,-431,-27
-459,-467,22
-449,-447,107
-435,-455,137
-413,-466,181
-382,-505,232
-350,-508,258
-312,-533,263
-254,-530,305
-209,-547,312
-155,-578,311
-107,-587,299
-71,-605,277
-37,-646,249
-10,-631,231
13,-652,204
25,-648,179
30,-668,153
26,-657,131
19,-686,94
1,-686,77
-29,-684,63
-59,-683,53
-80,-652,72
-108,-645,69
-137,-640,73
-166,-656,54
-200,-627,77
-225,-637,55
-248,-626,49
-270,-609,58
-290,-603,22
-304,-596,-2
-314,-556,-9
-319,-549,-42
-318,-542,-89
-312,-563,-127
-298,-544,-163
-284,-519,-180
-262,-535,-238
-214,-492,-294
-136,-466,-337
-88,-479,-384
-15,-446,-407
42,-416,-404
149,-416,-430
237,-369,-401
314,-348,-378
382,-349,-350
444,-314,-328
539,-308,-226
591,-285,-177
631,-260,-98
657,-236,-7
666,-210,64
666,-162,125
650,-145,238
626,-106,281
593,-80,367
553,-33,422
499,-33,477
443,-13,527
388,-2,548
332,8,591
268,7,618
211,3,636
137,-39,631
55,-58,659
-8,-63,656
-63,-111,649
-110,-134,634
-151,-206,606
-178,-227,592
-188,-263,575
-188,-317,552
-174,-382,511
-143,-430,488
-94,-473,476
-43,-510,443
14,-539,436
71,-541,402
122,-576,369
165,-572,336
211,-582,298
244,-588,264
281,-590,226
314,-590,172
346,-584,128
369,-605,78
393,-564,40
410,-577,-32
420,-530,-69
419,-492,-159
410,-469,-205
394,-466,-261
379,-431,-270
347,-433,-346
303,-393,-386
124,-347,-470
22,-325,-484
-87,-302,-480
-195,-254,-437
-316,-231,-386
-411,-238,-343
-490,-192,-261
-561,-169,-138
-607,-177,-18
-613,-140,99
-596,-137,199
-551,-147,307
-485,-180,398
-396,-179,479
-295,-244,529
-197,-286,555
-113,-326,558
-56,-342,572
-13,-361,558
26,-395,537
47,-457,494
60,-500,455
53,-500,440
35,-564,388
17,-547,379
-13,-609,321
-49,-627,276
-88,-643,237
-125,-624,193
-160,-627,140
-193,-652,61
-220,-611,24
-233,-597,-24
-241,-588,-80
-240,-565,-152
-223,-564,-211
-189,-517,-258
-142,-494,-306
-96,-485,-334
-44,-498,-365
28,-458,-393
98,-449,-378
164,-437,-376
222,-452,-387
306,-436,-364
349,-398,-345
422,-382,-289
469,-367,-252
508,-354,-231
547,-337,-174
579,-320,-128
605,-330,-101
628,-283,-24
641,-291,24
649,-274,72
652,-238,124
649,-213,168
641,-211,215
629,-178,257
613,-192,284
585,-194,341
564,-226,348
538,-213,397
511,-233,418
488,-254,430
464,-281,441
439,-312,442
415,-374,416
395,-388,423
369,-443,377
347,-508,357
322,-557,297
300,-595,248
281,-603,226
259,-617,182
236,-657,121
187,-678,27
147,-655,-39
114,-651,-65
87,-642,-107
64,-634,-131
37,-623,-158
11,-588,-184
-17,-596,-207
-43,-582,-231
-67,-571,-259
-88,-559,-248
-107,-560,-274
-136,-559,-257
-153,-557,-261
-170,-554,-254
-183,-552,-268
-201,-526,-239
-210,-528,-251
-212,-527,-235
-215,-532,-215
-217,-538,-207
-215,-543,-211
-206,-560,-187
-199,-560,-194
-189,-580,-173
-180,-602,-186
-158,-590,-157
-140,-627,-149
-125,-605,-143
-114,-628,-137
-105,-614,-132
-100,-617,-128
-97,-635,-127
-91,-619,-129
-84,-620,-131
-77,-618,-149
-66,-619,-145
-59,-615,-170
-52,-615,-167
-47,-604,-182
-45,-598,-197
-43,-582,-223
-46,-580,-241
-53,-556,-261
-65,-565,-302
-75,-522,-318
-99,-495,-319
-127,-466,-338
-157,-465,-367
-192,-403,-378
-234,-392,-379
-278,-319,-371
-328,-275,-364
-369,-269,-356
-412,-209,-337
-445,-185,-301
-482,-187,-283
-516,-134,-248
-545,-130,-195
-568,-122,-176
-590,-106,-134
-607,-64,-67
-617,-50,-21
-627,-31,31
-630,-49,82
-628,-34,102
-618,15,166
-613,0,213
-603,38,247
-593,23,256
-580,63,300
-570,74,318
-560,82,334
-550,94,347
-545,103,355
-539,90,363
-535,102,353
-530,127,372
-525,133,376
-522,141,365
-519,119,359
-516,128,361
-512,164,385
-508,170,386
-505,179,387
-504,160,388
-504,203,387
-501,189,365
-503,165,363
-502,167,382
-503,196,380
-496,201,366
-489,204,377
-481,181,406
-466,209,422
-450,213,437
-432,219,451
-410,197,465
-383,198,480
-358,227,494
-340,225,523
-309,208,524
-292,200,555
-259,186,552
-227,204,580
-203,198,597
-172,162,589
-142,152,600
-96,150,634
-79,119,620
-63,129,645
-46,115,632
-25,101,652
-9,89,655
12,50,657
44,31,638
60,42,657
70,10,637
81,-4,650
87,15,656
98,2,656
108,-37,635
128,-59,629
147,-50,643
163,-66,644
180,-97,637
193,-138,622
210,-164,602
225,-175,591
236,-223,598
243,-266,564
249,-275,568
250,-314,536
250,-353,531
251,-382,509
249,-423,462
244,-457,434
239,-494,408
232,-526,380
225,-565,346
216,-582,300
202,-607,249
194,-628,205
186,-640,145
176,-653,120
161,-683,48
144,-634,10
130,-680,-58
112,-672,-111
92,-651,-144
76,-622,-206
60,-587,-226
44,-566,-262
31,-542,-301
14,-518,-317
-5,-511,-368
-20,-486,-368
-32,-451,-381
-40,-433,-387
-51,-402,-390
-58,-400,-391
-65,-418,-389
-77,-426,-383
-82,-459,-385
-84,-444,-369
-82,-455,-362
-81,-493,-371
-80,-507,-358
-79,-489,-352
-78,-501,-318
-76,-519,-329
-74,-524,-317
-71,-562,-304
-68,-568,-294
-62,-554,-284
-62,-556,-256
-59,-559,-256
-60,-586,-273
-58,-587,-274
-57,-585,-278
-62,-580,-268
-66,-560,-270
-74,-539,-292
-84,-546,-301
-96,-543,-320
-102,-504,-319
-113,-492,-332
-124,-478,-328
-138,-467,-360
-146,-444,-348
-159,-433,-379
-176,-394,-374
-187,-368,-389
-197,-349,-400
-207,-335,-434
-214,-295,-427
-219,-229,-441
-222,-189,-450
-225,-138,-477
-222,-92,-478
-222,-83,-488
-220,-39,-489
-216,7,-468
-211,37,-486
-206,86,-481
-200,119,-460
-192,147,-455
-182,171,-450
-173,168,-465
-161,205,-440
-150,241,-433
-140,256,-425
-130,284,-417
-118,311,-406
-106,333,-395
-93,333,-381
-78,366,-366
-64,392,-371
-41,406,-327
-16,446,-307
7,475,-289
36,496,-284
70,515,-238
105,530,-208
136,538,-184
170,549,-151
211,552,-112
246,555,-73
281,551,-35
313,545,4
342,534,38
368,521,82
393,502,121
417,482,166
435,453,211
453,412,276
459,350,320
462,334,335
461,313,374
452,288,420
442,235,429
431,241,450
419,215,469
396,178,494
381,185,527
367,190,532
352,167,548
336,160,536
318,214,551
301,202,570
288,182,551
277,188,574
265,225,562
252,234,579
238,239,579
217,251,583
200,242,565
183,236,569
165,267,586
149,270,579
127,272,595
104,267,599
82,272,602
61,241,593
35,263,608
4,230,612
-33,223,614
-61,208,596
-88,223,617
-113,209,617
-141,178,596
-191,162,611
-219,140,606
-246,120,600
-273,85,592
-296,93,583
-323,58,569
-343,83,557
-367,74,544
-384,37,513
-404,35,517
-421,13,487
-440,-8,472
-449,-7,463
-460,-15,470
-470,-33,460
-481,-70,430
-490,-88,434
-494,-102,422
-495,-152,394
-495,-177,407
-492,-166,401
-492,-206,369
-492,-218,375
-492,-241,360
-491,-256,350
-491,-279,322
-487,-285,344
-489,-300,343
-488,-307,320
-486,-306,336
-485,-318,312
-482,-298,330
-478,-329,332
-469,-326,337
-466,-314,341
-461,-319,342
-458,-320,322
-460,-349,340
-464,-324,316
-468,-320,327
-474,-317,321
-482,-315,299
-488,-327,304
-497,-306,285
-509,-324,262
-517,-289,274
-529,-283,275
-533,-255,278
-537,-241,279
-543,-230,276
-553,-220,271
-558,-238,261
-567,-226,227
-579,-187,227
-584,-180,214
-590,-182,200
-594,-167,174
-599,-163,155
-601,-156,152
-604,-165,162
-604,-173,142
-606,-140,167
-605,-132,175
-605,-157,175
-604,-134,182
-603,-162,167
-601,-135,195
-598,-139,189
-597,-148,184
-593,-154,191
-589,-175,211
-584,-180,214
-575,-180,226
-566,-216,225
-555,-262,230
-512,-291,275
-491,-342,280
-466,-370,289
-449,-360,294
-432,-380,316
-413,-407,317
-396,-418,298
-375,-441,312
-359,-458,293
-348,-502,298
-331,-522,262
-317,-511,270
-303,-527,243
-283,-548,228
-272,-590,194
-259,-599,200
-238,-594,157
-221,-601,155
-201,-642,110
-179,-651,86
-156,-650,82
-130,-630,51
-112,-673,11
-93,-648,-1
-79,-651,-17
-66,-650,-18
-53,-652,-32
-40,-672,-66
-30,-651,-79
-25,-675,-86
-14,-647,-93
-10,-645,-83
0,-644,-91
4,-655,-99
6,-667,-128
10,-636,-114
14,-635,-125
17,-630,-153
8,-628,-145
1,-650,-154
-7,-617,-165
-11,-612,-173
-19,-610,-188
-27,-598,-196
-28,-595,-208
-33,-615,-237
-36,-583,-241
-40,-575,-234
-49,-596,-250
-53,-561,-253
-60,-579,-285
-65,-539,-278
-68,-531,-289
-69,-522,-296
-71,-529,-306
-73,-532,-336
-75,-523,-329
-73,-480,-337
-76,-467,-367
-76,-451,-380
-77,-467,-395
-75,-424,-385
-78,-439,-394
-73,-397,-424
-71,-408,-436
-64,-394,-424
-54,-348,-449
-45,-331,-454
-33,-342,-475
-22,-297,-470
-7,-279,-472
9,-285,-500
42,-230,-491
72,-214,-496
99,-205,-520
131,-172,-501
177,-98,-500
210,-63,-494
249,-27,-482
302,1,-479
342,37,-454
382,63,-427
418,98,-381
446,92,-377
469,97,-336
502,102,-324
540,128,-261
567,125,-230
598,116,-184
613,84,-176
631,101,-120
646,89,-84
659,81,-46
668,73,-8
674,63,28
677,42,50
676,45,111
673,36,150
667,28,178
660,25,218
652,17,242
638,13,281
619,-21,301
598,1,360
565,-6,387
544,-8,432
518,-38,441
486,-16,491
453,-21,518
418,-23,543
384,-28,547
334,-47,570
276,-67,592
214,-72,633
160,-50,646
112,-54,653
72,-58,655
35,-90,657
-130,-101,620
-178,-104,608
-228,-77,601
-287,-105,566
-336,-104,540
-378,-103,513
-417,-102,484
-441,-100,464
-473,-98,451
-492,-68,430
-512,-69,406
-535,-68,373
-556,-66,335
-574,-79,287
-589,-68,271
-599,-66,233
-615,-96,166
-622,-78,136
-625,-95,89
-628,-95,59
-625,-69,31
-622,-67,-1
-618,-68,-35
-608,-68,-79
-604,-81,-76
-599,-76,-113
-593,-97,-106
-585,-70,-140
-579,-100,-144
-571,-73,-169
-565,-89,-188
-560,-88,-176
-556,-80,-185
-552,-81,-191
-549,-83,-196
-550,-100,-200
-545,-92,-220
-547,-88,-199
-547,-91,-210
-551,-118,-192
-553,-120,-207
-557,-93,-174
-561,-96,-171
-568,-102,-157
-573,-99,-144
-580,-101,-129
-588,-132,-133
-596,-132,-107
-603,-130,-85
-610,-102,-37
-615,-128,-34
-618,-115,17
-623,-97,43
-622,-94,73
-623,-92,101
-622,-88,135
-618,-86,156
-613,-111,170
-606,-106,207
-594,-74,259
-584,-71,284
-575,-67,306
-562,-66,319
-548,-78,357
-532,-88,371
-518,-66,403
-500,-58,425
-480,-61,428
-451,-54,478
-427,-54,486
-409,-55,515
-382,-54,535
-354,-82,535
-322,-55,572
-299,-55,579
-271,-81,577
-245,-56,608
-214,-54,620
-187,-55,608
-145,-54,640
-107,-64,648
-76,-56,634
-38,-62,656
-6,-55,642
43,-56,637
77,-83,636
116,-59,631
161,-83,625
195,-84,616
234,-84,607
273,-85,612
311,-86,578
344,-60,581
377,-60,565
407,-63,534
433,-91,508
463,-66,506
488,-64,486
508,-50,466
529,-75,425
555,-70,417
573,-60,393
588,-60,365
602,-58,349
618,-58,324
627,-84,284
641,-83,252
649,-81,256
656,-81,226
662,-52,205
667,-53,180
670,-52,179
673,-81,163
677,-52,127
678,-81,124
680,-79,94
682,-60,98
683,-78,66
682,-71,75
684,-48,64
683,-48,54
683,-45,48
681,-71,38
683,-43,32
682,-48,26
681,-45,22
680,-70,-4
681,-70,-2
679,-70,3
679,-42,6
680,-53,4
679,-44,6
680,-46,-6
681,-47,7
680,-51,7
682,-51,9
680,-53,10
681,-60,-5
682,-56,18
681,-85,3
681,-87,6
681,-72,32
681,-38,36
683,-61,41
683,-63,43
682,-63,37
682,-93,49
683,-65,59
683,-94,54
683,-95,46
683,-69,71
683,-97,54
683,-72,78
682,-73,82
682,-75,83
680,-105,68
682,-82,85
680,-83,95
681,-88,99
681,-91,98
680,-97,100
677,-127,80
680,-108,101
678,-138,97
678,-146,77
676,-153,94
677,-129,88
676,-138,87
674,-146,81
671,-183,76
671,-163,70
670,-168,65
669,-178,80
666,-186,54
664,-197,47
661,-234,28
658,-218,35
653,-246,29
648,-240,1
645,-254,13
642,-259,2
638,-241,1
636,-278,-7
632,-282,-33
625,-286,-36
620,-293,-39
615,-277,-50
608,-307,-73
599,-317,-74
594,-343,-85
586,-334,-97
574,-370,-131
560,-369,-128
549,-387,-144
528,-375,-168
513,-402,-186
497,-414,-219
477,-397,-215
453,-435,-253
420,-450,-270
394,-463,-285
358,-449,-289
331,-461,-287
297,-477,-315
268,-458,-302
232,-516,-329
171,-504,-314
129,-511,-315
90,-516,-318
50,-541,-321
21,-541,-341
-19,-533,-342
-63,-494,-327
-95,-486,-351
-132,-482,-335
-160,-469,-356
-190,-449,-338
-220,-416,-337
-247,-401,-356
-273,-384,-331
-298,-375,-345
-333,-343,-339
-354,-328,-314
-373,-309,-318
-388,-299,-313
-402,-290,-295
-413,-312,-291
-420,-280,-279
-427,-298,-272
-431,-281,-272
-435,-284,-262
-438,-297,-278
-435,-293,-257
-433,-295,-256
-431,-326,-261
-425,-302,-260
-421,-331,-262
-411,-317,-276
-404,-326,-268
-397,-358,-278
-389,-368,-284
-379,-377,-285
-367,-362,-297
-356,-371,-279
-343,-384,-280
-333,-423,-295
-320,-412,-274
-304,-429,-267
-302,-446,-254
-303,-478,-224
-303,-513,-222
-299,-504,-176
-295,-548,-173
-288,-536,-129
-285,-575,-129
-278,-556,-114
-269,-568,-73
-254,-580,-54
-246,-602,-65
-234,-594,-36
-226,-627,-52
-215,-632,-48
-204,-623,-46
-191,-641,-18
-175,-649,-13
-161,-632,-27
-140,-638,-14
-125,-653,16
-115,-671,6
-102,-647,37
-88,-651,55
-68,-682,72
-52,-656,98
-38,-654,117
-28,-654,118
-14,-679,135
-6,-648,173
-2,-646,189
3,-640,211
4,-661,226
2,-630,232
0,-651,236
-3,-645,272
-6,-639,263
-11,-608,279
-19,-631,295
-23,-625,302
-28,-599,294
-32,-611,287
-37,-599,309
-41,-597,307
-43,-596,307
-43,-598,304
-39,-599,303
-37,-601,302
-31,-601,303
-24,-610,304
-17,-629,306
-6,-599,309
6,-600,312
21,-599,295
36,-599,316
62,-595,306
76,-596,297
91,-623,297
127,-593,298
154,-591,310
181,-614,287
206,-583,303
229,-605,276
261,-599,286
279,-567,284
299,-587,275
332,-577,244
351,-542,260
368,-564,238
388,-527,247
402,-520,223
413,-510,242
426,-529,221
437,-492,241
442,-494,236
441,-502,249
439,-472,256
428,-494,278
419,-483,315
404,-493,330
393,-463,347
373,-461,353
352,-461,386
325,-455,408
281,-465,443
244,-462,450
206,-419,497
169,-432,519
130,-385,539
87,-386,543
54,-334,576
13,-330,572
-20,-291,583
-70,-233,594
-108,-198,619
-137,-196,621
-164,-141,600
-188,-143,599
-208,-94,614
-224,-74,613
-236,-56,611
-246,-44,608
-252,-37,593
-256,-61,585
-255,-39,604
-254,-52,604
-249,-71,604
-245,-96,602
-237,-134,600
-226,-184,590
-209,-284,567
-192,-341,528
-171,-382,517
-153,-425,474
-135,-499,429
-112,-512,393
-80,-593,333
-33,-631,274
-2,-666,198
28,-664,149
75,-662,98
114,-671,38
175,-671,-68
216,-647,-96
259,-578,-140
301,-583,-180
368,-510,-251
433,-396,-285
470,-336,-297
501,-275,-282
525,-220,-281
547,-162,-277
561,-131,-270
571,-72,-279
577,-8,-265
576,71,-244
569,92,-228
558,152,-240
540,210,-213
522,255,-209
500,310,-204
477,326,-210
448,335,-214
411,400,-186
353,431,-169
322,484,-159
290,478,-169
247,505,-148
214,549,-123
186,533,-134
154,546,-125
125,567,-117
101,558,-113
79,563,-111
63,591,-92
48,564,-115
34,589,-102
24,588,-108
9,567,-120
0,579,-141
-9,546,-160
-23,590,-149
-30,562,-163
-36,540,-170
-42,550,-183
-46,526,-196
-46,531,-216
-46,522,-226
-47,504,-243
-43,490,-269
-37,445,-309
-29,421,-337
-13,407,-354
3,372,-400
22,338,-406
42,298,-430
69,218,-455
101,187,-474
131,99,-495
176,46,-495
205,-16,-494
236,-109,-506
278,-180,-460
308,-241,-451
334,-306,-392
359,-397,-360
380,-458,-298
398,-509,-209
405,-507,-155
409,-534,-83
405,-555,-28
393,-567,82
374,-568,155
352,-562,223
308,-551,309
275,-525,354
241,-507,402
207,-487,437
172,-469,465
131,-446,494
87,-455,495
56,-416,525
19,-438,528
-22,-409,527
-57,-444,496
-84,-442,484
-110,-476,479
-125,-468,458
-134,-492,428
-139,-538,384
-137,-536,376
-129,-558,346
-109,-590,301
-89,-609,262
-70,-639,238
-46,-654,206
-22,-653,170
4,-658,134
30,-664,103
62,-693,45
95,-690,25
128,-658,2
161,-678,-45
192,-668,-62
231,-634,-59
258,-643,-71
291,-589,-74
317,-617,-97
345,-589,-78
368,-565,-77
391,-551,-76
405,-544,-95
424,-535,-75
440,-541,-91
454,-506,-93
468,-493,-71
477,-485,-68
486,-476,-66
493,-472,-65
499,-477,-57
503,-493,-73
506,-489,-69
511,-460,-41
509,-487,-35
513,-460,-31
513,-489,-42
510,-464,-15
510,-469,-9
508,-458,-2
504,-476,-14
498,-481,-7
493,-488,15
489,-501,46
482,-497,66
478,-531,63
474,-504,101
467,-509,120
452,-518,154
443,-520,152
436,-525,192
430,-541,186
428,-508,224
424,-523,241
421,-500,261
418,-493,273
414,-478,303
410,-497,301
405,-450,352
397,-467,349
389,-423,382
379,-436,414
366,-389,443
348,-372,468
328,-355,492
304,-337,514
260,-327,529
240,-313,563
213,-280,578
186,-290,590
160,-248,603
131,-230,615
96,-236,605
68,-191,633
43,-199,637
20,-154,642
-3,-134,646
-26,-111,650
-46,-119,631
-68,-64,632
-90,-57,651
-108,2,649
-124,36,632
-144,46,619
-160,109,629
-173,132,609
-187,176,601
-196,244,570
-207,282,561
-217,321,518
-223,362,494
-234,364,463
-240,408,453
-243,443,427
-250,466,399
-255,484,371
-259,474,321
-266,522,298
-272,540,246
-277,520,187
-282,554,160
-285,557,138
-286,560,98
-289,554,74
-291,525,33
-292,522,6
-291,520,-16
-280,518,-47
-275,520,-52
-262,553,-48
-251,534,-42
-236,544,-26
-219,575,-8
-201,591,36
-181,572,49
-159,578,81
-136,604,121
-121,582,149
-101,579,183
-80,609,239
-62,579,268
-47,584,275
-34,558,321
-23,537,321
-12,526,366
-6,559,386
2,527,401
8,521,414
12,511,411
12,502,429
6,464,429
-3,452,443
-12,466,476
-23,454,488
-37,437,487
-55,393,494
-68,402,525
-91,369,522
-118,338,580
-145,293,575
-167,253,566
-193,216,579
-222,126,596
-236,120,592
-256,67,603
-274,6,578
-290,-70,585
-298,-134,573
-305,-170,556
-312,-274,504
-314,-316,494
-314,-322,466
-316,-360,453
-317,-391,425
-320,-453,370
-321,-454,356
-319,-492,287
-314,-512,250
-311,-529,239
-305,-573,189
-294,-563,150
-285,-579,137
-275,-568,108
-264,-618,79
-249,-624,30
-238,-603,23
-226,-606,-3
-217,-606,-31
-207,-606,-60
-198,-621,-85
-184,-604,-94
-175,-628,-131
-163,-628,-147
-156,-596,-139
-150,-596,-170
-145,-618,-180
-141,-591,-167
-140,-588,-168
-140,-577,-168
-140,-618,-187
-141,-619,-182
-141,-594,-154
-144,-600,-143
-146,-632,-126
-147,-641,-125
-146,-621,-73
-145,-656,-67
-139,-640,-33
-99,-675,67
-67,-678,110
-29,-651,165
11,-672,175
54,-666,198
103,-632,234
151,-650,220
194,-615,226
224,-634,218
244,-628,234
260,-619,232
273,-596,227
279,-624,223
284,-620,201
284,-621,200
280,-591,224
273,-621,230
266,-594,236
255,-596,243
242,-595,250
228,-597,263
209,-625,252
189,-609,278
163,-602,288
141,-606,292
119,-633,294
103,-635,276
85,-607,298
67,-594,299
51,-608,301
36,-607,300
22,-609,281
14,-607,300
2,-606,300
-10,-633,278
-17,-606,297
-22,-606,297
-27,-632,277
-32,-634,273
-31,-636,270
-32,-611,270
-34,-613,257
-35,-644,268
-36,-647,247
-35,-626,250
-34,-626,234
-35,-631,237
-39,-628,233
-40,-660,210
-42,-632,229
-46,-650,227
-48,-632,227
-54,-659,218
-54,-637,202
-55,-633,217
-57,-663,207
-54,-642,169
-51,-664,171
-47,-649,137
-42,-653,126
-38,-656,129
-27,-658,112
-20,-662,104
-11,-662,85
1,-641,88
17,-665,76
29,-691,62
46,-666,47
67,-682,29
88,-664,16
116,-659,-19
137,-638,-20
161,-677,-55
178,-648,-68
205,-651,-66
222,-652,-102
240,-614,-101
259,-588,-121
277,-614,-163
293,-595,-186
309,-575,-209
322,-556,-231
333,-533,-253
340,-490,-246
348,-469,-290
355,-446,-307
365,-407,-312
374,-381,-327
380,-359,-363
385,-327,-353
389,-302,-365
394,-279,-393
398,-282,-382
397,-231,-388
400,-212,-395
398,-192,-411
396,-189,-405
390,-182,-431
385,-135,-425
378,-119,-425
369,-131,-430
360,-99,-458
347,-74,-466
332,-60,-473
314,-28,-460
298,-9,-477
280,9,-472
264,26,-475
239,43,-480
219,58,-505
200,41,-501
179,81,-490
164,55,-492
156,86,-506
148,56,-516
143,81,-497
143,71,-498
144,62,-510
143,20,-514
142,4,-504
142,0,-506
140,-27,-526
139,-25,-487
139,-48,-520
138,-68,-529
136,-71,-515
134,-81,-509
133,-88,-508
131,-106,-508
127,-114,-529
124,-109,-529
123,-72,-510
121,-90,-532
118,-82,-517
116,-45,-518
114,-35,-512
111,-26,-512
109,-11,-511
104,-24,-511
100,26,-509
93,23,-528
88,104,-504
77,83,-519
68,119,-511
58,183,-492
45,188,-467
33,246,-467
20,240,-445
11,283,-450
0,300,-427
-14,322,-436
-25,340,-405
-38,357,-382
-50,344,-400
-56,382,-371
-60,392,-368
-62,389,-359
-58,400,-357
-54,399,-358
-39,393,-378
-31,383,-394
-20,373,-380
-7,334,-392
14,341,-405
29,322,-416
43,289,-425
57,290,-435
73,239,-466
84,219,-453
94,232,-459
98,218,-464
103,189,-467
104,162,-482
105,179,-476
104,140,-481
100,141,-507
94,141,-507
83,126,-496
73,109,-499
59,106,-502
49,76,-519
37,61,-508
26,46,-511
16,30,-529
3,14,-513
-15,-4,-514
-25,-14,-513
-34,-21,-513
-45,-54,-517
-52,-26,-529
-63,-53,-529
-74,-20,-508
-79,-4,-508
-86,-5,-517
-91,6,-503
-94,-9,-524
-97,4,-522
-97,20,-518
-98,54,-498
-96,52,-495
-95,90,-493
-93,94,-510
-93,102,-505
-94,149,-481
-95,166,-475
-97,163,-487
-99,207,-459
-102,219,-455
-107,230,-449
-110,214,-464
-117,226,-457
-125,243,-448
-135,256,-425
-144,290,-407
-155,340,-394
-165,334,-380
-180,324,-383
-193,373,-355
-206,363,-342
-219,411,-297
-229,402,-299
-238,441,-256
-247,427,-236
-254,439,-237
-256,473,-205
-259,481,-191
-261,488,-179
-266,469,-184
-269,501,-173
-273,480,-157
-271,512,-125
-275,510,-139
-275,515,-116
-278,517,-127
-281,504,-113
-284,516,-105
-292,512,-102
-306,527,-98
-315,501,-96
-328,496,-94
-339,488,-94
-352,478,-95
-408,401,-123
-424,410,-105
-443,391,-128
-464,364,-108
-479,348,-108
-494,327,-106
-510,278,-113
-522,282,-105
-533,259,-111
-544,240,-121
-555,213,-126
-566,159,-129
-572,156,-111
-578,116,-112
-581,113,-116
-584,88,-122
-584,63,-127
-585,41,-133
-582,-15,-163
-578,-19,-151
-575,-71,-181
-567,-99,-189
-559,-102,-179
-550,-126,-186
-542,-178,-212
-533,-197,-216
-512,-215,-204
-500,-242,-220
-487,-298,-231
-470,-329,-231
-449,-333,-220
-433,-384,-228
-418,-379,-206
-397,-433,-222
-380,-428,-199
-362,-447,-214
-347,-466,-202
-333,-505,-199
-321,-490,-190
-310,-498,-182
-297,-507,-182
-288,-511,-184
-278,-518,-187
-269,-550,-188
-253,-527,-196
-242,-556,-224
-231,-555,-234
-219,-527,-223
-210,-547,-256
-201,-546,-269
-183,-511,-270
-171,-529,-305
-152,-520,-326
-130,-506,-347
-105,-468,-347
-85,-478,-361
-58,-444,-378
-36,-434,-409
-12,-421,-413
15,-409,-429
44,-426,-433
84,-383,-437
135,-364,-430
167,-379,-452
217,-358,-449
260,-311,-443
305,-293,-414
338,-304,-426
378,-284,-391
413,-237,-378
446,-222,-367
469,-204,-342
502,-187,-339
534,-166,-298
556,-177,-270
576,-149,-244
596,-123,-241
608,-135,-209
621,-98,-197
632,-85,-176
638,-78,-150
645,-66,-138
646,-60,-132
647,-55,-128
649,-49,-130
644,-53,-134
642,-39,-145
633,-59,-181
625,-4,-182
614,-51,-202
596,-15,-230
574,-12,-260
547,-34,-297
519,-1,-322
493,1,-347
459,5,-375
423,-19,-421
380,-14,-446
328,18,-452
278,-4,-492
207,0,-512
144,5,-508
55,40,-511
-2,30,-524
-74,56,-500
-130,59,-490
-179,33,-498
-236,37,-475
-279,40,-444
-329,42,-418
-437,48,-350
-501,85,-279
-533,74,-231
-559,87,-181
-584,104,-121
-597,115,-72
-605,127,-23
-607,165,32
-606,150,77
-601,154,117
-596,158,161
-587,154,202
-576,148,241
-562,139,282
-545,125,319
-533,165,367
-512,132,396
-492,122,406
-465,110,439
-438,98,475
-409,82,492
-377,67,520
-340,61,565
-304,29,585
-265,9,583
-213,-7,605
-164,12,639
-122,4,648
-81,-28,643
-28,-3,646
18,-3,649
77,-33,637
135,-6,632
167,-10,646
203,-19,638
240,-14,605
289,-40,590
333,-18,569
365,-45,574
400,-49,532
425,-50,538
457,-27,506
485,-32,489
510,-40,466
533,-75,441
559,-56,410
580,-66,383
599,-85,355
614,-103,324
630,-75,294
641,-134,244
653,-130,228
660,-153,179
668,-120,160
671,-143,131
674,-150,101
675,-159,70
673,-159,40
670,-163,7
664,-183,-28
654,-202,-89
643,-206,-119
632,-183,-128
620,-187,-156
608,-189,-193
599,-189,-211
587,-184,-234
574,-203,-244
559,-163,-263
545,-155,-290
529,-148,-305
509,-128,-327
483,-166,-371
460,-138,-384
433,-165,-387
408,-166,-426
380,-139,-423
356,-167,-454
330,-142,-447
303,-146,-474
275,-160,-468
249,-174,-478
222,-147,-484
192,-155,-491
164,-143,-498
139,-143,-502
117,-135,-509
95,-150,-510
72,-118,-512
54,-95,-527
35,-104,-535
11,-79,-537
-9,-57,-535
-29,-34,-533
-49,18,-508
-67,37,-526
-87,62,-499
-106,81,-492
-123,105,-497
-142,103,-494
-161,132,-461
-176,182,-450
-186,202,-440
-197,224,-428
-208,217,-434
-214,260,-406
-220,265,-392
-227,278,-380
-235,306,-366
-242,332,-350
-251,352,-332
-260,370,-312
-270,376,-297
-289,386,-277
-299,427,-232
-309,441,-210
-326,452,-166
-332,470,-142
-337,480,-113
-339,478,-108
-340,478,-61
-336,514,-31
-332,526,-17
-321,536,32
-298,544,73
-282,561,87
-266,568,97
-247,576,126
-216,571,129
-196,591,161
-128,604,193
-112,578,178
-81,609,212
-65,603,216
-49,635,209
-34,583,204
-18,587,228
-1,591,230
10,603,231
21,606,228
30,605,242
38,604,244
49,604,247
54,603,245
61,589,243
65,576,235
75,606,223
83,607,216
91,585,180
110,613,170
126,597,149
143,611,113
159,610,102
174,580,63
189,575,42
202,569,31
216,591,22
221,557,-16
235,572,-36
234,538,-81
235,531,-102
234,555,-92
232,551,-107
230,528,-133
229,516,-149
227,506,-167
225,507,-157
223,524,-169
220,514,-180
219,508,-211
219,505,-219
220,496,-218
224,488,-227
225,480,-235
227,462,-245
226,434,-280
224,453,-271
220,416,-304
218,433,-296
216,414,-306
212,388,-335
207,406,-326
201,399,-332
196,364,-361
198,386,-347
197,378,-352
201,371,-358
206,358,-385
209,350,-370
210,338,-377
209,330,-385
205,289,-415
198,282,-409
191,286,-407
182,244,-425
175,253,-455
164,253,-444
159,219,-454
152,200,-464
145,164,-490
139,144,-484
138,115,-491
137,78,-499
140,52,-502
143,11,-505
145,-16,-528
153,-63,-526
160,-45,-506
168,-89,-504
173,-144,-506
179,-143,-494
183,-169,-491
187,-192,-485
190,-213,-477
196,-240,-471
199,-254,-464
197,-280,-455
192,-298,-471
191,-307,-445
187,-346,-441
184,-335,-455
182,-375,-429
180,-386,-443
181,-386,-415
182,-411,-412
182,-389,-406
184,-401,-421
187,-403,-396
188,-408,-405
187,-420,-411
192,-440,-405
196,-432,-384
201,-430,-395
208,-440,-404
220,-430,-406
238,-388,-413
244,-399,-397
256,-347,-404
263,-361,-434
271,-321,-438
276,-277,-432
282,-272,-463
286,-199,-454
289,-142,-460
291,-115,-465
292,-96,-486
295,-5,-466
297,38,-460
299,120,-444
298,147,-437
299,211,-408
301,294,-367
301,316,-354
300,383,-317
297,408,-261
293,464,-225
285,473,-185
276,534,-102
267,557,-46
257,572,-8
246,557,43
235,586,103
230,584,152
219,549,196
211,533,263
202,539,332
193,513,359
186,465,398
178,466,439
171,393,493
168,386,503
167,369,544
169,283,550
175,234,571
182,217,607
189,175,608
192,131,629
197,91,632
202,48,637
207,15,625
209,-74,616
214,-97,629
211,-164,602
208,-213,592
204,-224,597
197,-270,569
193,-294,578
191,-325,562
190,-354,547
188,-383,523
185,-407,512
181,-464,471
174,-467,475
163,-506,458
145,-533,413
129,-550,400
119,-533,393
107,-542,401
95,-540,380
83,-585,364
71,-589,378
54,-569,355
39,-590,362
24,-604,337
11,-607,332
0,-611,326
-15,-585,341
-27,-585,336
-41,-592,311
-62,-587,324
-77,-593,303
-86,-598,321
-102,-581,304
-126,-577,317
-144,-573,299
-157,-564,324
-163,-555,336
-162,-576,352
-154,-522,372
-137,-518,400
-119,-517,424
-105,-515,427
-86,-468,472
-72,-447,493
-62,-447,511
-57,-403,530
-55,-394,524
-58,-377,565
-61,-322,579
-63,-303,573
-63,-263,600
-67,-236,616
-72,-206,608
-81,-173,619
-85,-146,644
-94,-98,649
-99,-44,651
-106,-8,650
-116,38,649
-123,39,625
-129,106,628
-139,117,609
-143,168,622
-152,177,607
-158,239,595
-166,234,568
-169,276,578
-175,294,569
-181,306,563
-187,314,534
-191,323,550
-194,329,546
-197,331,544
-197,331,543
-199,332,543
-198,330,544
-196,326,535
-193,315,551
-189,313,558
-185,274,544
-182,288,570
-178,270,568
-175,253,591
-172,224,601
-167,197,610
-161,164,631
-154,125,632
-144,80,619
-131,15,641
-120,-54,632
-100,-97,643
-84,-189,632
-70,-265,593
-45,-372,568
-25,-418,522
-11,-505,453
7,-514,413
22,-577,354
32,-606,304
40,-631,236
46,-657,199
54,-660,130
60,-665,96
66,-673,28
79,-687,-6
89,-668,-49
98,-646,-88
105,-651,-128
116,-603,-192
120,-609,-255
125,-561,-261
124,-540,-314
125,-530,-347
133,-496,-358
142,-443,-383
151,-419,-396
160,-396,-431
168,-370,-445
174,-335,-460
182,-323,-450
191,-260,-464
197,-240,-471
202,-235,-498
209,-196,-502
216,-183,-504
223,-134,-487
227,-111,-487
230,-120,-490
229,-71,-489
231,-60,-491
232,-28,-489
238,-10,-488
241,0,-484
246,1,-501
254,48,-476
260,64,-488
267,87,-470
270,104,-459
276,102,-472
281,149,-426
284,174,-443
291,212,-416
288,241,-404
289,238,-391
289,291,-386
288,303,-383
284,314,-365
279,365,-329
271,375,-310
264,403,-296
251,416,-278
237,452,-264
222,469,-252
206,483,-240
196,480,-228
186,483,-211
187,523,-213
186,506,-195
188,538,-173
191,521,-162
195,554,-148
199,558,-116
202,562,-103
206,536,-112
217,570,-72
222,556,-82
225,546,-66
230,574,-38
234,577,-23
233,551,-28
236,583,10
235,585,30
235,589,50
230,590,75
226,592,100
220,593,129
210,592,148
201,586,202
192,577,251
181,551,275
166,515,325
155,512,403
143,458,423
135,447,483
126,376,518
122,355,545
118,327,566
114,275,599
114,207,626
117,121,622
121,57,631
130,-1,654
139,-71,633
150,-144,636
159,-213,596
170,-335,557
174,-352,553
177,-435,515
177,-480,459
175,-498,416
171,-536,378
165,-571,346
160,-594,304
156,-619,252
153,-635,204
149,-647,164
146,-669,90
145,-660,66
146,-659,29
146,-686,1
149,-680,-52
153,-645,-64
153,-644,-89
151,-633,-111
147,-626,-146
145,-619,-169
143,-611,-172
141,-620,-190
135,-602,-206
130,-589,-231
122,-580,-231
114,-574,-249
105,-565,-257
96,-559,-268
84,-580,-279
72,-545,-302
56,-535,-320
37,-529,-310
17,-547,-338
-2,-514,-322
-21,-507,-326
-40,-501,-330
-57,-496,-331
-71,-519,-333
-81,-486,-346
-91,-483,-336
-96,-498,-355
-100,-478,-338
-102,-491,-339
-100,-480,-362
-98,-472,-344
-96,-496,-347
-92,-467,-349
-87,-494,-372
-81,-496,-352
-75,-468,-354
-68,-467,-354
-61,-468,-355
-57,-496,-375
-54,-476,-354
-48,-502,-368
-43,-504,-371
-34,-482,-350
-29,-484,-348
-21,-514,-367
-5,-493,-359
3,-511,-341
13,-524,-359
18,-527,-356
28,-504,-334
33,-505,-330
35,-510,-327
37,-515,-326
39,-543,-342
43,-518,-318
46,-529,-319
51,-521,-325
52,-527,-337
61,-521,-319
64,-517,-322
78,-507,-329
87,-500,-337
90,-516,-366
101,-478,-377
105,-493,-386
114,-471,-383
121,-422,-405
126,-397,-413
130,-387,-426
133,-341,-458
134,-331,-480
136,-268,-495
138,-246,-507
140,-177,-518
142,-128,-504
140,-85,-508
139,-18,-508
135,45,-517
131,98,-495
124,159,-480
119,205,-461
112,267,-461
102,331,-395
97,391,-364
90,409,-343
88,485,-274
81,524,-224
78,552,-191
73,552,-127
70,572,-88
68,608,-31
65,622,52
60,626,87
57,622,160
58,612,213
58,574,232
59,583,305
58,536,348
54,535,393
48,493,449
46,427,467
46,380,507
45,342,557
47,330,579
52,294,585
58,257,602
67,222,625
74,189,634
79,156,642
84,126,626
90,99,648
95,70,654
101,51,655
110,32,655
120,15,635
127,-4,652
135,-15,653
140,3,651
141,-35,652
141,-44,649
141,-49,648
138,-73,650
135,-61,650
131,-66,638
129,-71,650
122,-84,648
121,-91,636
118,-129,638
113,-114,631
109,-129,632
103,-173,621
101,-168,637
94,-189,633
90,-240,605
86,-239,617
86,-261,611
83,-286,599
83,-330,564
83,-376,547
82,-382,569
82,-415,525
85,-444,502
89,-512,443
91,-534,432
96,-544,394
101,-571,360
108,-599,310
114,-622,262
120,-638,216
124,-679,134
129,-687,68
132,-687,13
138,-683,-24
141,-646,-79
147,-629,-131
150,-606,-206
153,-582,-223
149,-546,-285
142,-506,-343
135,-452,-379
130,-429,-410
125,-353,-438
121,-297,-463
121,-246,-494
121,-176,-496
124,-134,-512
124,-76,-510
127,-22,-511
128,41,-505
129,103,-474
131,162,-479
129,223,-458
126,279,-435
120,340,-397
117,378,-371
110,388,-362
102,456,-304
93,490,-286
86,502,-228
77,516,-213
75,572,-141
75,583,-115
76,568,-100
78,602,-56
83,586,-28
85,589,14
90,614,44
96,622,62
96,622,105
100,620,128
101,617,153
103,614,171
102,583,175
100,589,214
96,576,217
93,570,229
82,591,273
74,560,266
65,577,301
59,566,310
52,564,319
46,545,308
36,539,332
27,558,347
18,544,366
8,569,379
-2,511,399
-10,491,396
-20,471,434
-24,480,449
-30,434,483
-35,432,507
-40,372,531
-40,355,553
-43,306,556
-47,270,603
-48,225,623
-47,170,626
-48,93,629
-46,34,657
-45,-43,651
-42,-64,656
-41,-130,647
-41,-195,622
-42,-285,589
-41,-379,564
-36,-425,516
-28,-463,467
-21,-509,439
-14,-571,396
-5,-567,369
6,-590,311
18,-652,240
20,-642,211
27,-670,164
32,-663,123
35,-681,87
40,-667,46
43,-693,8
48,-686,-58
54,-652,-85
57,-643,-108
61,-637,-143
62,-615,-184
63,-621,-216
60,-575,-252
61,-544,-290
65,-499,-317
67,-524,-346
71,-493,-387
75,-446,-383
76,-421,-402
82,-402,-418
86,-367,-434
92,-372,-452
97,-320,-458
104,-292,-466
115,-268,-475
125,-244,-482
132,-244,-496
142,-219,-513
144,-156,-500
147,-167,-521
148,-146,-503
147,-126,-525
148,-95,-507
146,-84,-509
146,-68,-529
146,-54,-525
146,-11,-509
147,-20,-525
146,21,-506
145,13,-522
144,29,-502
148,70,-498
149,81,-504
149,93,-506
151,100,-511
151,86,-509
151,94,-487
151,129,-484
152,135,-496
148,115,-502
149,130,-482
147,152,-500
143,127,-499
143,157,-478
139,132,-479
140,160,-493
136,161,-478
135,161,-479
131,154,-499
130,161,-486
128,158,-481
128,143,-482
127,128,-491
129,127,-503
131,149,-492
132,122,-503
134,144,-484
135,117,-506
137,139,-504
139,131,-485
139,109,-505
142,106,-505
143,129,-486
145,102,-487
144,98,-486
144,123,-488
145,95,-498
144,121,-488
143,91,-498
145,118,-489
143,92,-510
145,119,-498
144,118,-489
146,119,-490
145,94,-510
148,123,-501
148,96,-507
153,126,-492
153,102,-485
157,107,-502
160,129,-502
164,139,-480
168,142,-478
172,118,-496
176,147,-475
184,152,-472
191,156,-471
193,163,-478
194,165,-486
190,172,-466
186,175,-464
182,180,-475
178,183,-470
175,187,-477
174,164,-461
173,196,-460
174,200,-479
172,178,-477
171,208,-456
171,212,-455
168,215,-466
165,217,-473
162,220,-453
159,223,-451
155,224,-451
151,228,-452
150,227,-453
146,204,-458
142,204,-472
141,233,-468
141,222,-453
139,207,-471
138,232,-451
141,207,-471
140,231,-452
140,232,-453
140,229,-454
140,202,-471
141,229,-454
141,228,-452
141,224,-459
140,224,-453
141,196,-460
142,195,-475
145,214,-456
144,200,-455
149,220,-457
152,221,-457
152,221,-455
154,223,-453
157,195,-453
158,226,-452
159,201,-470
159,202,-466
162,231,-448
164,208,-456
169,219,-445
171,223,-462
171,215,-461
173,219,-459
175,250,-437
175,227,-455
174,256,-440
172,260,-432
166,267,-437
160,273,-429
157,275,-447
153,308,-437
147,270,-423
144,313,-420
141,270,-422
139,303,-415
136,297,-433
135,317,-408
130,296,-426
128,329,-402
121,307,-420
117,312,-400
116,341,-396
109,350,-392
105,353,-391
100,357,-387
95,364,-384
89,343,-381
84,347,-378
77,384,-370
75,388,-386
71,396,-362
67,393,-377
64,392,-352
62,413,-346
57,407,-342
55,428,-341
50,436,-346
44,441,-323
37,450,-313
30,439,-309
23,464,-301
20,467,-295
12,477,-294
3,453,-301
0,486,-275
-5,464,-276
-19,500,-257
-29,476,-272
-35,508,-248
-43,499,-263
-51,483,-242
-54,512,-236
-62,516,-233
-70,515,-230
-77,516,-224
-84,493,-221
-93,523,-213
-98,507,-210
-103,528,-204
-106,502,-208
-107,505,-216
-108,534,-199
-110,510,-208
-110,539,-205
-111,532,-179
-112,515,-176
-113,517,-193
-111,548,-168
-110,551,-164
-110,525,-162
-111,527,-158
-108,555,-159
-108,557,-154
-108,557,-152
-109,581,-150
-110,558,-148
-109,559,-152
-106,561,-144
-101,558,-162
-94,565,-160
-87,539,-142
-86,567,-153
-86,569,-136
-86,568,-137
-88,568,-137
-88,568,-138
-90,569,-137
-90,555,-160
-90,567,-138
-93,539,-161
-94,566,-160
-95,536,-160
-95,551,-140
-94,561,-159
-92,567,-137
-93,568,-158
-95,569,-136
-95,567,-135
-97,569,-133
-100,568,-129
-105,544,-127
-107,571,-124
-110,571,-122
-113,551,-119
-114,573,-114
-112,574,-125
-107,561,-114
-106,574,-114
-104,576,-114
-105,547,-137
-102,574,-117
-103,568,-120
-105,545,-140
-119,539,-138
-127,566,-142
-133,562,-141
-139,560,-129
-144,532,-150
-145,560,-129
-146,533,-129
-144,560,-129
-144,561,-127
-142,564,-123
-142,565,-118
-141,570,-112
-143,557,-124
-149,549,-110
-151,582,-73
-155,586,-56
-158,560,-63
-162,593,-41
-164,577,-4
-167,571,10
-169,574,33
-170,573,38
-169,602,74
-169,576,93
-169,601,149
-171,569,162
-170,566,190
-172,581,244
-175,538,260
-175,525,324
-175,518,345
-175,466,387
-173,463,447
-171,411,476
-169,374,521
-164,331,555
-159,269,587
-156,190,587
-152,149,626
-148,57,618
-146,-13,622
-143,-33,642
-140,-76,635
-137,-154,624
-134,-234,591
-121,-278,588
-108,-347,567
-95,-381,542
-82,-413,516
-71,-454,484
-65,-492,437
-63,-518,422
-61,-545,389
-60,-595,334
-56,-620,295
-53,-608,281
-54,-653,247
-57,-661,194
-55,-646,171
-55,-679,143
-54,-681,108
-52,-682,103
-43,-661,70
-39,-660,51
-34,-662,36
-30,-660,24
-28,-661,11
-26,-659,-12
-25,-687,-28
-24,-658,-13
-26,-684,-41
-32,-655,-26
-42,-654,-32
-50,-656,-61
-60,-677,-53
-71,-646,-57
-77,-672,-72
-85,-642,-55
-89,-645,-77
-90,-667,-77
-88,-642,-78
-89,-640,-57
-89,-669,-77
-86,-641,-54
-86,-671,-72
-83,-643,-51
-83,-646,-59
-84,-650,-36
-86,-652,-50
-89,-674,-41
-88,-650,-8
-91,-674,0
-90,-652,11
-91,-651,25
-87,-654,38
-86,-653,52
-83,-658,69
-83,-653,83
-81,-653,113
-80,-651,115
-76,-675,120
-74,-646,154
-71,-658,173
-69,-640,188
-67,-637,206
-63,-630,226
-63,-624,244
-65,-643,240
-65,-637,273
-65,-603,294
-64,-594,299
-64,-588,311
-68,-572,336
-70,-579,363
-73,-551,377
-75,-542,396
-79,-553,390
-83,-533,413
-85,-518,428
-87,-507,438
-85,-475,448
-87,-466,455
-89,-481,464
-89,-473,469
-89,-470,472
-89,-467,474
-85,-441,480
-86,-443,478
-86,-444,491
-89,-448,487
-92,-451,471
-94,-441,483
-95,-455,479
-99,-485,456
-103,-489,453
-104,-469,450
-106,-471,461
-108,-478,455
-112,-521,417
-111,-531,408
-111,-539,397
-110,-526,385
-108,-533,377
-106,-547,373
-105,-559,345
-107,-600,312
-106,-617,285
-104,-631,253
-101,-644,221
-96,-657,187
-95,-665,150
-92,-675,105
-92,-678,62
-92,-678,20
-92,-676,-23
-93,-670,-67
-93,-665,-74
-92,-628,-105
-92,-644,-133
-90,-616,-157
-86,-598,-194
-80,-587,-207
-75,-568,-237
-69,-551,-267
-57,-522,-301
-49,-528,-335
-41,-485,-369
-36,-462,-372
-33,-436,-392
-28,-400,-411
-26,-374,-440
-26,-375,-446
-22,-341,-465
-21,-286,-471
-19,-255,-488
-20,-228,-490
-17,-191,-510
-20,-159,-505
